hint_1|È possibile modificare varie funzioni in A Clash of Kings visitando il menu Opzioni Mod, che si trova nel menu del Campo.
hint_2|È possibile modificare varie funzioni in A Clash of Kings visitando il menu Opzioni Mod, che si trova nel menu del Campo.
hint_3|È possibile modificare varie funzioni in A Clash of Kings visitando il menu Opzioni Mod, che si trova nel menu del Campo.
hint_4|È possibile modificare varie funzioni in A Clash of Kings visitando il menu Opzioni Mod, che si trova nel menu del Campo.
hint_5|È possibile modificare varie funzioni in A Clash of Kings visitando il menu Opzioni Mod, che si trova nel menu del Campo.
hint_6|È possibile modificare varie funzioni in A Clash of Kings visitando il menu Opzioni Mod, che si trova nel menu del Campo.
hint_7|È possibile modificare varie funzioni in A Clash of Kings visitando il menu Opzioni Mod, che si trova nel menu del Campo.
hint_8|È possibile modificare varie funzioni in A Clash of Kings visitando il menu Opzioni Mod, che si trova nel menu del Campo.
hint_9|È possibile modificare varie funzioni in A Clash of Kings visitando il menu Opzioni Mod, che si trova nel menu del Campo.
hint_10|È possibile modificare varie funzioni in A Clash of Kings visitando il menu Opzioni Mod, che si trova nel menu del Campo.
hint_11|È possibile modificare varie funzioni in A Clash of Kings visitando il menu Opzioni Mod, che si trova nel menu del Campo.
hint_12|È possibile modificare varie funzioni in A Clash of Kings visitando il menu Opzioni Mod, che si trova nel menu del Campo.
