itm_no_item|OGGETTO INVALIDO
itm_no_item_pl|OGGETTO INVALIDO
itm_tutorial_spear|Asta
itm_tutorial_spear_pl|Asta
itm_tutorial_club|Clava
itm_tutorial_club_pl|Clava
itm_tutorial_battle_axe|Ascia da battaglia
itm_tutorial_battle_axe_pl|Ascia da battaglia
itm_tutorial_arrows|Frecce
itm_tutorial_arrows_pl|Frecce
itm_tutorial_bolts|Quadrelli
itm_tutorial_bolts_pl|Quadrelli
itm_tutorial_short_bow|Arco corto
itm_tutorial_short_bow_pl|Arco corto
itm_tutorial_crossbow|Balestra
itm_tutorial_crossbow_pl|Balestra
itm_tutorial_throwing_daggers|Pugnali da lancio
itm_tutorial_throwing_daggers_pl|Pugnali da lancio
itm_tutorial_saddle_horse|Cavallo da sella
itm_tutorial_saddle_horse_pl|Cavallo da sella
itm_tutorial_shield|Scudo a Goccia
itm_tutorial_shield_pl|Scudo a Goccia
itm_tutorial_staff_no_attack|Bastone
itm_tutorial_staff_no_attack_pl|Bastone
itm_tutorial_staff|Bastone
itm_tutorial_staff_pl|Bastone
itm_tutorial_sword|Spada
itm_tutorial_sword_pl|Spada
itm_tutorial_axe|Ascia
itm_tutorial_axe_pl|Ascia
itm_tutorial_dagger|Pugnale
itm_tutorial_dagger_pl|Pugnale
itm_horse_meat|Carne di cavallo
itm_horse_meat_pl|Carne di cavallo
itm_practice_lance|Lancia da giostra da Torneo
itm_practice_lance_pl|Lancia da giostra da Torneo
itm_practice_axe|Ascia da Torneo Smussata
itm_practice_axe_pl|Ascia da Torneo Smussata
itm_practice_dagger|Mazza smussata da Torneo
itm_practice_dagger_pl|Mazza smussata da Torneo
itm_practice_staff|Spada da Torneo Smussata
itm_practice_staff_pl|Spada da Torneo Smussata
itm_practice_sword|Spada da Torneo Smussata
itm_practice_sword_pl|Spada da Torneo Smussata
itm_practice_sword_heavy|Mazza smussata da Torneo
itm_practice_sword_heavy_pl|Mazza smussata da Torneo
itm_practice_arrows|Spada da Torneo Smussata
itm_practice_arrows_pl|Spada da Torneo Smussata
itm_practice_arrows_10_amount|Spada da Torneo Smussata
itm_practice_arrows_10_amount_pl|Spada da Torneo Smussata
itm_practice_arrows_100_amount|Spada da Torneo Smussata
itm_practice_arrows_100_amount_pl|Spada da Torneo Smussata
itm_practice_bolts|Spada da Torneo Smussata
itm_practice_bolts_pl|Spada da Torneo Smussata
itm_practice_bolts_9_amount|Mazza smussata da Torneo
itm_practice_bolts_9_amount_pl|Mazza smussata da Torneo
itm_practice_bow|Lancia da giostra da Torneo
itm_practice_bow_pl|Lancia da giostra da Torneo
itm_practice_crossbow|Lancia da giostra da Torneo
itm_practice_crossbow_pl|Lancia da giostra da Torneo
itm_practice_javelin|Lancia da giostra da Torneo
itm_practice_javelin_pl|Lancia da giostra da Torneo
itm_practice_javelin_melee|Lancia da giostra da Torneo
itm_practice_javelin_melee_pl|Lancia da giostra da Torneo
itm_practice_throwing_daggers|Mazza smussata da Torneo
itm_practice_throwing_daggers_pl|Mazza smussata da Torneo
itm_practice_throwing_daggers_100_amount|Mazza smussata da Torneo
itm_practice_throwing_daggers_100_amount_pl|Mazza smussata da Torneo
itm_practice_boots|Stivali da addestramento
itm_practice_boots_pl|Stivali da addestramento
itm_practice_horse|Cavallo da addestramento
itm_practice_horse_pl|Cavallo da addestramento
itm_practice_shield|Scudo da addestramento
itm_practice_shield_pl|Scudo da addestramento
itm_book_tactics|Compendio delle Ribellioni Blackfyre
itm_book_tactics_pl|Compendio delle Ribellioni Blackfyre
itm_book_persuasion|La conquista di Dorne
itm_book_persuasion_pl|La conquista di Dorne
itm_book_leadership|La Vita di  Aegon il Conquistatore
itm_book_leadership_pl|La Vita di  Aegon il Conquistatore
itm_book_intelligence|Saggio sulla Logica del Gran Maestro Gerardys
itm_book_intelligence_pl|Saggio sulla Logica del Gran Maestro Gerardys
itm_book_trade|Storia della Banca di Ferro di Braavos
itm_book_trade_pl|Storia della Banca di Ferro di Braavos
itm_book_weapon_mastery|Arte del Combattimento con la Spada
itm_book_weapon_mastery_pl|Arte del Combattimento con la Spada
itm_book_engineering|La Guerra dell'Aggressione Volantiana
itm_book_engineering_pl|La Guerra dell'Aggressione Volantiana
itm_book_necronomicon|Il Grande Libro della Magia
itm_book_necronomicon_pl|Il Grande Libro della Magia
itm_book_bible|La Stella a Sette Punte
itm_book_bible_pl|La Stella a Sette Punte
itm_book_prisoner_management|Il Diario di Gralmaq mo Eraz
itm_book_prisoner_management_pl|Il Diario di Gralmaq mo Eraz
itm_book_spotting_reference|Le Meraviglie costruite dagli uomini
itm_book_spotting_reference_pl|Le Meraviglie costruite dagli uomini
itm_book_first_aid_reference|Un Breve Trattato sulla Grande Epidemia di Primavera
itm_book_first_aid_reference_pl|Un Breve Trattato sulla Grande Epidemia di Primavera
itm_book_pathfinding_reference|Mappa del Mondo Conosciuto
itm_book_pathfinding_reference_pl|Mappa del Mondo Conosciuto
itm_book_wound_treatment_reference|Il Libro della Guarigione
itm_book_wound_treatment_reference_pl|Il Libro della Guarigione
itm_book_training_reference|Gli Immacolati
itm_book_training_reference_pl|Gli Immacolati
itm_book_surgery_reference|Sulla Fortezza e Chirurgia
itm_book_surgery_reference_pl|Sulla Fortezza e Chirurgia
itm_book_trade_ledger|Libro Mastro dei Mercanti
itm_book_trade_ledger_pl|Libro Mastro dei Mercanti
itm_trade_spice|Giara di Spezie
itm_trade_spice_pl|Giara di Spezie
itm_trade_salt|Sacco di Sale
itm_trade_salt_pl|Sacco di Sale
itm_trade_oil|Giara di Olio
itm_trade_oil_pl|Giara di Olio
itm_trade_pottery|Ceramica
itm_trade_pottery_pl|Ceramica
itm_trade_raw_flax|Fascio di Lino
itm_trade_raw_flax_pl|Fascio di Lino
itm_trade_linen|Fascio di Lino
itm_trade_linen_pl|Fascio di Lino
itm_trade_wool|Borsa di Lana Grezza
itm_trade_wool_pl|Borsa di Lana Grezza
itm_trade_wool_cloth|Tessuto di Lana
itm_trade_wool_cloth_pl|Tessuti di Lana
itm_trade_raw_silk|Seta grezza
itm_trade_raw_silk_pl|Seta grezza
itm_trade_raw_dyes|Ciotola di Coloranti
itm_trade_raw_dyes_pl|Ciotola di Coloranti
itm_trade_velvet|Fascio di Velluto
itm_trade_velvet_pl|Fascio di Velluto
itm_trade_iron|Barra di Ferro
itm_trade_iron_pl|Barra di Ferro
itm_trade_tools|Attrezzi
itm_trade_tools_pl|Attrezzi
itm_trade_raw_leather|Pelle
itm_trade_raw_leather_pl|Pelle
itm_trade_leatherwork|Pelle Conciata
itm_trade_leatherwork_pl|Pelle Conciata
itm_trade_raw_date_fruit|Frutta di Stagione
itm_trade_raw_date_fruit_pl|Frutta di Stagione
itm_trade_furs|Fascia di Pelliccia
itm_trade_furs_pl|Fascia di Pelliccia
itm_trade_wine|Giara di Vino
itm_trade_wine_pl|Giara di Vino
itm_trade_ale|Barile di Birra
itm_trade_ale_pl|Barile di Birra
itm_market_gold_chalice|Calice d' Oro
itm_market_gold_chalice_pl|Calice d' Oro
itm_market_lemon_basket|Cesto di Limoni
itm_market_lemon_basket_pl|Cesto di Limoni
itm_market_plum_basket|Cesto di Prugne
itm_market_plum_basket_pl|Cesto di Prugne
; itm_market_dornish_wine|Crate of Dornish Wine
; itm_market_dornish_wine_pl|Crate of Dornish Wine
itm_market_pear_basket|Cesto di Pere
itm_market_pear_basket_pl|Cesto di Pere
itm_market_apple_basket|Cesto di Mele
itm_market_apple_basket_pl|Cesto di Mele
; itm_market_arbor_red|Jar of Arbor Wine
; itm_market_arbor_red_pl|Jar of Arbor Wine
itm_market_candles|Candele
itm_market_candles_pl|Candele
itm_market_pumpkins|Zucca
itm_market_pumpkins_pl|Zucca
itm_market_lead|Lingotto di Piombo
itm_market_lead_pl|Lingotto di Piombo
itm_market_tin|Lingotto di Stagno
itm_market_tin_pl|Lingotto di Stagno
itm_market_coal|Cassa di Carbone
itm_market_coal_pl|Cassa di Carbone
itm_market_silver_chalice|Calice D'Argento
itm_market_silver_chalice_pl|Calice D'Argento
; itm_market_pentoshi_wine|Jar of Pentoshi Wine
; itm_market_pentoshi_wine_pl|Jar of Pentoshi Wine
; itm_market_lyseni_wine|Jar of Lyseni Wine
; itm_market_lyseni_wine_pl|Jar of Lyseni Wine
; itm_market_qohorik_carpets|Qohorik Carpets
; itm_market_qohorik_carpets_pl|Qohorik Carpets
; itm_market_bronzewood|Bronzewood
; itm_market_bronzewood_pl|Bronzewood
; itm_market_myrish_carpets|Myrish Carpets
; itm_market_myrish_carpets_pl|Myrish Carpets
; itm_market_tyroshi_pear_brandy|Bottle of Tyroshi Pear Brandy
; itm_market_tyroshi_pear_brandy_pl|Bottle of Tyroshi Pear Brandy
; itm_market_volantene_wine|Bottle of Volantene Wine
; itm_market_volantene_wine_pl|Bottle of Volantene Wine
itm_market_ironwood|Legnoferro
itm_market_ironwood_pl|Legnoferro
; itm_market_persimmon_wine|Bottle of Persimmon Wine
; itm_market_persimmon_wine_pl|Bottle of Persimmon Wine
itm_market_perfume|Boccetta di Profumo
itm_market_perfume_pl|Boccetta di Profumo
itm_trade_smoked_fish|Pesce affumicato
itm_trade_smoked_fish_pl|Pesce affumicato
itm_trade_cheese|Formaggio
itm_trade_cheese_pl|Formaggio
itm_trade_honey|Giara di Miele
itm_trade_honey_pl|Giara di Miele
itm_trade_sausages|Salsicce
itm_trade_sausages_pl|Salsicce
itm_trade_cabbages|Cavoli
itm_trade_cabbages_pl|Cavoli
itm_trade_dried_meat|Carne Secca
itm_trade_dried_meat_pl|Carne Secca
itm_trade_apples|Cesto di Frutta
itm_trade_apples_pl|Cesto di Frutta
itm_trade_raw_grapes|Uva
itm_trade_raw_grapes_pl|Uva
itm_trade_raw_olives|Olive
itm_trade_raw_olives_pl|Olive
itm_trade_grain|Sacco di grano
itm_trade_grain_pl|Sacco di grano
itm_trade_cattle_meat|Manzo
itm_trade_cattle_meat_pl|Manzo
itm_trade_bread|Pane
itm_trade_bread_pl|Pane
itm_trade_chicken|Pollo
itm_trade_chicken_pl|Pollo
itm_trade_pork|Maiale
itm_trade_pork_pl|Maiale
itm_trade_butter|Giara di Burro
itm_trade_butter_pl|Giara di Burro
itm_trade_dummy01|Oggetto fittizio 1
itm_trade_dummy01_pl|Oggetto fittizio 1
itm_trade_dummy02|Oggetto fittizio 2
itm_trade_dummy02_pl|Oggetto fittizio 2
itm_trade_dummy03|Oggetto fittizio 3
itm_trade_dummy03_pl|Oggetto fittizio 3
itm_trade_dummy04|Oggetto fittizio 4
itm_trade_dummy04_pl|Oggetto fittizio 4
itm_trade_dummy05|Oggetto fittizio 5
itm_trade_dummy05_pl|Oggetto fittizio 5
itm_trade_dummy06|Oggetto fittizio 6
itm_trade_dummy06_pl|Oggetto fittizio 6
itm_trade_dummy07|Oggetto fittizio 7
itm_trade_dummy07_pl|Oggetto fittizio 7
itm_trade_dummy08|Oggetto fittizio 8
itm_trade_dummy08_pl|Oggetto fittizio 8
itm_trade_dummy09|Oggetto fittizio 9
itm_trade_dummy09_pl|Oggetto fittizio 9
itm_trade_dummy10|Oggetto fittizio 10
itm_trade_dummy10_pl|Oggetto fittizio 10
itm_trade_dummy11|Oggetto fittizio 11
itm_trade_dummy11_pl|Oggetto fittizio 11
itm_trade_dummy12|Oggetto fittizio 12
itm_trade_dummy12_pl|Oggetto fittizio 12
itm_trade_dummy13|Oggetto fittizio 13
itm_trade_dummy13_pl|Oggetto fittizio 13
itm_trade_dummy14|Oggetto fittizio 14
itm_trade_dummy14_pl|Oggetto fittizio 14
itm_trade_dummy15|Oggetto fittizio 15
itm_trade_dummy15_pl|Oggetto fittizio 15
itm_trade_dummy16|Oggetto fittizio 16
itm_trade_dummy16_pl|Oggetto fittizio 16
itm_trade_dummy17|Oggetto fittizio 17
itm_trade_dummy17_pl|Oggetto fittizio 17
itm_trade_dummy18|Oggetto fittizio 18
itm_trade_dummy18_pl|Oggetto fittizio 18
itm_trade_dummy19|Oggetto fittizio 19
itm_trade_dummy19_pl|Oggetto fittizio 19
itm_trade_dummy20|Oggetto fittizio 20
itm_trade_dummy20_pl|Oggetto fittizio 20
itm_dragon_coin|Drago d'oro
itm_dragon_coin_pl|Drago d'oro
itm_dragon_coin_many|Draghi d'oro
itm_dragon_coin_many_pl|Draghi d'oro
itm_honor|Onoreficenza d'oro
itm_honor_pl|Onoreficenza d'oro
itm_honor_many|Onoreficenze d'oro
itm_honor_many_pl|Onoreficenze d'oro
itm_groat|Semola
itm_groat_pl|Semola
itm_groat_many|Semole
itm_groat_many_pl|Semole
itm_lumber|Legname
itm_lumber_pl|Legname
itm_ring_1|Anello in oro
itm_ring_1_pl|Anello in oro
itm_ring_2|Anello in oro
itm_ring_2_pl|Anello in oro
itm_ring_3|Anello in oro
itm_ring_3_pl|Anello in oro
itm_ring_4|Anello d'argento
itm_ring_4_pl|Anello d'argento
itm_ring_5|Anello d'argento
itm_ring_5_pl|Anello d'argento
itm_asshai_saffron|Zafferano
itm_asshai_saffron_pl|Zafferano
itm_asshai_myrrh|Mirra
itm_asshai_myrrh_pl|Mirra
itm_asshai_cinnamon|Cannella
itm_asshai_cinnamon_pl|Cannella
itm_qarth_saffron|Zafferano
itm_qarth_saffron_pl|Zafferano
itm_qarth_pepper|Pepe
itm_qarth_pepper_pl|Pepe
itm_qarth_cardamom|Cardamomo
itm_qarth_cardamom_pl|Cardamomo
itm_zamettar_nutmeg|Noce Moscata
itm_zamettar_nutmeg_pl|Noce Moscata
itm_zamettar_curry|Curry
itm_zamettar_curry_pl|Curry
itm_zamettar_anise|Anice
itm_zamettar_anise_pl|Anice
itm_moraq_cloves|Chiodi di Garofano
itm_moraq_cloves_pl|Chiodi di Garofano
itm_moraq_spiceflower|Spiceflower
itm_moraq_spiceflower_pl|Spiceflower
itm_moraq_persimmon_seeds|Semi di Caco
itm_moraq_persimmon_seeds_pl|Semi di Caco
itm_mysterious_spices1|Spezie Misteriose
itm_mysterious_spices1_pl|Spezie Misteriose
itm_mysterious_spices2|Spezie Misteriose
itm_mysterious_spices2_pl|Spezie Misteriose
itm_mysterious_spices3|Spezie Misteriose
itm_mysterious_spices3_pl|Spezie Misteriose
itm_mysterious_sword1|Spada Misteriosa
itm_mysterious_sword1_pl|Spada Misteriosa
itm_mysterious_sword2|Spada Misteriosa
itm_mysterious_sword2_pl|Spada Misteriosa
itm_mysterious_sword3|Spada Misteriosa
itm_mysterious_sword3_pl|Spada Misteriosa
; itm_credits_book|Book of Patrons
; itm_credits_book_pl|Book of Patrons
itm_clifford_ring|Anello di Rubini
itm_clifford_ring_pl|Anello di Rubini
itm_clifford_letter|Lettera di Ser Clifford
itm_clifford_letter_pl|Lettera di Ser Clifford
; itm_samol_book|Old Grimoire
; itm_samol_book_pl|Old Grimoire
itm_samol_horn|Vecchio Corno
itm_samol_horn_pl|Vecchio Corno
itm_varys_npc_5_letter|Lettera di Illyrio
itm_varys_npc_5_letter_pl|Lettera di Illyrio
itm_varys_npc_8_letter|Lettera di Allard
itm_varys_npc_8_letter_pl|Lettera di Allard
itm_harodon_letter|Lettera di Garibald
itm_harodon_letter_pl|Lettera di Garibald
itm_illyrios_letter|Lettera di Illyrio
itm_illyrios_letter_pl|Lettera di Illyrio
itm_varys_npc_1_letter|Lettera di Illyrio
itm_varys_npc_1_letter_pl|Lettera di Illyrio
itm_varys_npc_2_letter|Lettera di Rugen
itm_varys_npc_2_letter_pl|Lettera di Rugen
itm_varys_npc_3_chest|Cassa di Illyrio
itm_varys_npc_3_chest_pl|Cassa di Illyrio
; itm_barrel_of_pitch|Barrel of Pitch
; itm_barrel_of_pitch_pl|Barrel of Pitch
itm_huge_ruby|Grande Rubino
itm_huge_ruby_pl|Grande Rubino
itm_carved_tusk|Zanna Scolpita
itm_carved_tusk_pl|Zanna Scolpita
itm_gold_goblet|Calice d' Oro
itm_gold_goblet_pl|Calice d' Oro
itm_gold_nugget|Pepita d' Oro
itm_gold_nugget_pl|Pepita d' Oro
itm_event_rabbit|Coniglio
itm_event_rabbit_pl|Coniglio
itm_siege_supply|Rifornimenti
itm_siege_supply_pl|Rifornimenti
itm_quest_wine|Vino
itm_quest_wine_pl|Vino
itm_quest_ale|Birra chiara
itm_quest_ale_pl|Birra chiara
itm_trial_destrier|Destriero
itm_trial_destrier_pl|Destriero
itm_stormlands_destrier|Destriero
itm_stormlands_destrier_pl|Destriero
itm_destrier_1|Destriero
itm_destrier_1_pl|Destriero
itm_destrier_2|Destriero
itm_destrier_2_pl|Destriero
itm_destrier_3|Destriero
itm_destrier_3_pl|Destriero
itm_destrier_4|Destriero
itm_destrier_4_pl|Destriero
itm_ho_swa_saddle_black|Ronzino
itm_ho_swa_saddle_black_pl|Ronzino
itm_rounsey_2|Ronzino
itm_rounsey_2_pl|Ronzino
itm_palfrey_1|Palafreno
itm_palfrey_1_pl|Palafreno
itm_palfrey_2|Palafreno
itm_palfrey_2_pl|Palafreno
itm_courser_1|Corsiero
itm_courser_1_pl|Corsiero
itm_courser_2|Corsiero
itm_courser_2_pl|Corsiero
itm_courser_3|Corsiero
itm_courser_3_pl|Corsiero
itm_garron_1|Garron
itm_garron_1_pl|Garron
itm_garron_2|Garron
itm_garron_2_pl|Garron
itm_horse_light_a|Corsiero Dothraki
itm_horse_light_a_pl|Corsiero Dothraki
itm_horse_light_b|Corsiero Dothraki
itm_horse_light_b_pl|Corsiero Dothraki
itm_horse_light_c|Corsiero Dothraki
itm_horse_light_c_pl|Corsiero Dothraki
itm_andal_destrier|Destriero Andali
itm_andal_destrier_pl|Destriero Andali
itm_plate_warhorse_1|Cavallo da Guerra con Corazza
itm_plate_warhorse_1_pl|Cavallo da Guerra con Corazza
itm_plate_warhorse_2|Cavallo da Guerra con Corazza
itm_plate_warhorse_2_pl|Cavallo da Guerra con Corazza
itm_plate_warhorse_3|Cavallo da Guerra con Placche
itm_plate_warhorse_3_pl|Cavallo da Guerra con Placche
itm_andal_cataphract|Cavallo da Guerra Catafratto
itm_andal_cataphract_pl|Cavallo da Guerra Catafratto
itm_chain_mail_horse|Destriero Bardato di Maglia
itm_chain_mail_horse_pl|Destriero Bardato di Maglia
itm_rhoynar_cataphract|Cavallo da Guerra Catafratto Dothraki 
itm_rhoynar_cataphract_pl|Cavallo da Guerra Catafratto Dothraki
itm_dornish_sand_steed_1|Destriero delle Sabbie di Dorne
itm_dornish_sand_steed_1_pl|Destriero delle Sabbie di Dorne
itm_dornish_sand_steed_2|Destriero delle Sabbie di Dorne
itm_dornish_sand_steed_2_pl|Destriero delle Sabbie di Dorne
itm_donkey|Asino
itm_donkey_pl|Asino
itm_ho_nor_mule|Mulo
itm_ho_nor_mule_pl|Mulo
itm_ho_sar_camel_bactrian|Cammello
itm_ho_sar_camel_bactrian_pl|Cammello
itm_we_swa_axe_hatchet|Accetta
itm_we_swa_axe_hatchet_pl|Accetta
itm_we_swa_axe_voulge|Lancia a Mannaia
itm_we_swa_axe_voulge_pl|Lancia a Mannaia
itm_we_vae_axe_bardiche|Bardica
itm_we_vae_axe_bardiche_pl|Bardica
itm_we_vae_blunt_club|Clava
itm_we_vae_blunt_club_pl|Clava
itm_we_swa_blunt_club_long|Lunga Clava Chiodata
itm_we_swa_blunt_club_long_pl|Lunga Clava Chiodata
itm_we_vae_blunt_maul|Maglio
itm_we_vae_blunt_maul_pl|Maglio
itm_we_vae_blunt_sledgehammer|Maglio
itm_we_vae_blunt_sledgehammer_pl|Maglio
itm_we_swa_spear_glaive_small|Piccola Giusarma
itm_we_swa_spear_glaive_small_pl|Piccola Giusarma
itm_we_swa_spear_glaive|Giusarma
itm_we_swa_spear_glaive_pl|Giusarma
itm_we_swa_spear_bill_english|Roncone
itm_we_swa_spear_bill_english_pl|Roncone
itm_we_vae_spear_scythe|Falce
itm_we_vae_spear_scythe_pl|Falce
itm_we_vae_spear_scythe_shortened|Falce Accorciata Militare
itm_we_vae_spear_scythe_shortened_pl|Falce Accorciata Militare
itm_we_vae_spear_polehammer|Asta Leggera
itm_we_vae_spear_polehammer_pl|Asta Leggera
itm_we_khe_spear_staff|Asta Leggera
itm_we_khe_spear_staff_pl|Asta Leggera
itm_we_khe_spear_bamboolong|Asta Leggera
itm_we_khe_spear_bamboolong_pl|Asta Leggera
itm_we_khe_spear_nagita|Asta Leggera
itm_we_khe_spear_nagita_pl|Asta Leggera
itm_we_khe_spear_haftedblade|Asta Leggera
itm_we_khe_spear_haftedblade_pl|Asta Leggera
itm_heavy_spear_1|Asta Pesante
itm_heavy_spear_1_pl|Asta Pesante
itm_heavy_spear_2|Asta Pesante
itm_heavy_spear_2_pl|Asta Pesante
itm_heavy_spear_3|Asta Pesante
itm_heavy_spear_3_pl|Asta Pesante
itm_dornish_spear_feathers|Asta Pesante
itm_dornish_spear_feathers_pl|Asta Pesante
itm_dornish_heavy_spear|Asta Pesante
itm_dornish_heavy_spear_pl|Asta Pesante
itm_we_rho_spear_fork_pitch|Forcone
itm_we_rho_spear_fork_pitch_pl|Forcone
itm_we_rho_spear_fork_military|Forca da Militare
itm_we_rho_spear_fork_military_pl|Forca da Militare
itm_we_rho_spear_fork_battle|Forca da Battaglia
itm_we_rho_spear_fork_battle_pl|Forca da Battaglia
itm_we_sar_spear_staff|Bastone
itm_we_sar_spear_staff_pl|Bastone
itm_we_sar_spear_staff_quarter|Bastone Rinforzato
itm_we_sar_spear_staff_quarter_pl|Bastone Rinforzato
itm_we_sar_spear_staff_iron|Bastone di Ferro
itm_we_sar_spear_staff_iron_pl|Bastone di Ferro
itm_we_sar_spear_lance|Giusarma Uncinata
itm_we_sar_spear_lance_pl|Giusarma Uncinata
itm_we_vae_sword_sickle|Falcetto
itm_we_vae_sword_sickle_pl|Falcetto
itm_we_vae_sword_cleaver_military|Mannaia Militare
itm_we_vae_sword_cleaver_military_pl|Mannaia Militare
itm_we_swa_sword_clamshell_claymore|Spada lunga
itm_we_swa_sword_clamshell_claymore_pl|Spada lunga
itm_we_swa_sword_twohanded_claymore|Spadone
itm_we_swa_sword_twohanded_claymore_pl|Spadone
itm_gregors_great_sword|Spadone di Gregor
itm_gregors_great_sword_pl|Spadone di Gregor
itm_we_vae_sword_cleaverwar|Mannaia da guerra
itm_we_vae_sword_cleaverwar_pl|Mannaia da guerra
itm_we_khe_sword_sabre|Spadone
itm_we_khe_sword_sabre_pl|Spadone
itm_we_nor_sword_danish_great|Spadone
itm_we_nor_sword_danish_great_pl|Spadone
itm_we_rho_sword_great|Spadone
itm_we_rho_sword_great_pl|Spadone
itm_we_pla_sword_great_four|Alabarda
itm_we_pla_sword_great_four_pl|Alabarda
itm_fi_halberd_2|Alabarda
itm_fi_halberd_2_pl|Alabarda
itm_fi_halberd_1|Alabarda
itm_fi_halberd_1_pl|Alabarda
itm_normal_arrows|Frecce
itm_normal_arrows_pl|Frecce
itm_arrow_f_big|Frecce Pesanti
itm_arrow_f_big_pl|Frecce Pesanti
; itm_arrow_f_piece|Piercing Arrows
; itm_arrow_f_piece_pl|Piercing Arrows
itm_arrow_f_slash|Frecce Pesanti
itm_arrow_f_slash_pl|Frecce Pesanti
itm_arrow_f_standard|Frecce dei Bruti
itm_arrow_f_standard_pl|Frecce dei Bruti
itm_arrow_f_dornish|Frecce di Dorne
itm_arrow_f_dornish_pl|Frecce di Dorne
itm_arrow_f_dothraki|Frecce Dothraki
itm_arrow_f_dothraki_pl|Frecce Dothraki
itm_bolt_f_simple|Quadrelli
itm_bolt_f_simple_pl|Quadrelli
; itm_bolt_f_heavy|Piercing Bolts
; itm_bolt_f_heavy_pl|Piercing Bolts
itm_bolt_f_slash|Quadrelli Pesanti
itm_bolt_f_slash_pl|Quadrelli Pesanti
; itm_bolt_f_crippling|Crippling Bolts
; itm_bolt_f_crippling_pl|Crippling Bolts
; itm_bolt_f_piercing|Piercing Bolts
; itm_bolt_f_piercing_pl|Piercing Bolts
itm_bolt_f_myrish|Quadrelli di Myr
itm_bolt_f_myrish_pl|Quadrelli di Myr
itm_bow_f_hunting_bow|Arco da caccia
itm_bow_f_hunting_bow_pl|Arco da caccia
itm_bow_f_simple|Arco corto
itm_bow_f_simple_pl|Arco corto
itm_bow_f_longbow_1|Arco Lungo
itm_bow_f_longbow_1_pl|Arco Lungo
; itm_bow_f_longbow_2|Flatbow
; itm_bow_f_longbow_2_pl|Flatbow
itm_bow_f_dothraki|Arco Ricurvo
itm_bow_f_dothraki_pl|Arco Ricurvo
itm_bow_f_dornish|Arco Ricurvo
itm_bow_f_dornish_pl|Arco Ricurvo
itm_bow_f_decorated_bow|Arco Lungo Decorato
itm_bow_f_decorated_bow_pl|Arco Lungo Decorato
itm_crossbow_f_simple_1|Balestra da caccia
itm_crossbow_f_simple_1_pl|Balestra da caccia
itm_crossbow_f_simple_2|Balestra leggera
itm_crossbow_f_simple_2_pl|Balestra leggera
itm_crossbow_f_medium|Balestra
itm_crossbow_f_medium_pl|Balestra
itm_crossbow_f_heavy|Balestra pesante
itm_crossbow_f_heavy_pl|Balestra pesante
itm_crossbow_f_myrish|Balestra di Myr
itm_crossbow_f_myrish_pl|Balestra di Myr
itm_we_khe_throw_stone|Pietre
itm_we_khe_throw_stone_pl|Pietre
itm_we_sar_spear_javelin|Giavellotti
itm_we_sar_spear_javelin_pl|Giavellotti
itm_we_sar_spear_javelin_melee|Asta Corta
itm_we_sar_spear_javelin_melee_pl|Asta Corta
itm_we_sar_spear_throwing_spears|Aste da Lancio
itm_we_sar_spear_throwing_spears_pl|Aste da Lancio
itm_we_sar_spear_throwing_spear_melee|Asta Corta
itm_we_sar_spear_throwing_spear_melee_pl|Asta Corta
itm_we_sar_spear_jarid|Giavellotti
itm_we_sar_spear_jarid_pl|Giavellotti
itm_we_sar_spear_jarid_melee|Asta Corta
itm_we_sar_spear_jarid_melee_pl|Asta Corta
itm_ar_vae_t7_elite_b|Armatura Pesante a Piastre Articolate
itm_ar_vae_t7_elite_b_pl|Armatura Pesante a Piastre Articolate
itm_ar_khe_t2_armor_a|Armatura di Pelliccia
itm_ar_khe_t2_armor_a_pl|Armatura di Pelliccia
itm_ar_khe_t6_tunic_a|Armatura Pesante di Dorne
itm_ar_khe_t6_tunic_a_pl|Armatura Pesante di Dorne
itm_ar_nor_t7_vikingbyrnie_a|Usbergo di Maglia Decorato
itm_ar_nor_t7_vikingbyrnie_a_pl|Usbergo di Maglia Decorato
itm_ar_rho_ban_highlander_a|Uniforme del Clan
itm_ar_rho_ban_highlander_a_pl|Uniforme del Clan
itm_ar_rho_t4_highlander_a|Armatura Lamellare del Clan
itm_ar_rho_t4_highlander_a_pl|Armatura Lamellare del Clan
itm_ar_pla_t6_heraldic_a|Armatura Pesante a piastre araldica
itm_ar_pla_t6_heraldic_a_pl|Armatura Pesante a piastre araldica
itm_ar_swa_shi_linen|Veste Marrone
itm_ar_swa_shi_linen_pl|Veste Marrone
itm_ar_swa_tun_tabard|Tunica Costosa
itm_ar_swa_tun_tabard_pl|Tunica Costosa
itm_brown_robe|Veste Marrone
itm_brown_robe_pl|Veste Marrone
itm_ar_pla_pri_pilgrimdisguise|Travestimento
itm_ar_pla_pri_pilgrimdisguise_pl|Travestimento
itm_dress_general_bride|Abito da Sposa
itm_dress_general_bride_pl|Abito da Sposa
itm_bo_gen_t0_bride_shoes|Scarpe da Sposa
itm_bo_gen_t0_bride_shoes_pl|Scarpe da Sposa
itm_bo_swa_t4_sandal|Sandali con Placche
itm_bo_swa_t4_sandal_pl|Sandali con Placche
itm_bo_swa_t6_mail|Stivali di Maglia con Placche
itm_bo_swa_t6_mail_pl|Stivali di Maglia con Placche
itm_bo_vae_t2_shoes|Scarpe
itm_bo_vae_t2_shoes_pl|Scarpe
itm_bo_vae_t3_leather|Stivali di Pelle
itm_bo_vae_t3_leather_pl|Stivali di Pelle
itm_bo_vae_t4_shoes|Scarpe di Pelle con Placche
itm_bo_vae_t4_shoes_pl|Scarpe di Pelle con Placche
itm_bo_khe_t0_sandal|Stivali di Maglia
itm_bo_khe_t0_sandal_pl|Stivali di Maglia
itm_bo_khe_t2_boots|Stivali di Pelle
itm_bo_khe_t2_boots_pl|Stivali di Pelle
itm_bo_khe_t4_sandal|Stivali di Pelle
itm_bo_khe_t4_sandal_pl|Stivali di Pelle
itm_bo_khe_t6_mail|Stivali di Pelle con Placche
itm_bo_khe_t6_mail_pl|Stivali di Pelle con Placche
itm_bo_nor_t2_shoes|Stivali di Pelle Placcati
itm_bo_nor_t2_shoes_pl|Stivali di Pelle Placcati
itm_bo_rho_t3_highlander|Stivali in Pelliccia
itm_bo_rho_t3_highlander_pl|Stivali in Pelliccia
itm_bo_rho_t4_greaves|Gambiere Steccate
itm_bo_rho_t4_greaves_pl|Gambiere Steccate
itm_bo_rho_t5_greaves|Gambiere di Maglia Steccate
itm_bo_rho_t5_greaves_pl|Gambiere di Maglia Steccate
itm_bo_sar_t4_camel|Calze di Lana
itm_bo_sar_t4_camel_pl|Calze di Lana
itm_bo_sar_t6_mail|Scarpe
itm_bo_sar_t6_mail_pl|Scarpe
itm_bo_sar_t7_greaves|Scarpe
itm_bo_sar_t7_greaves_pl|Scarpe
itm_bo_pla_str_samurai|Scarpe
itm_bo_pla_str_samurai_pl|Scarpe
itm_bo_pla_t1_priest|Stivali di Pelle
itm_bo_pla_t1_priest_pl|Stivali di Pelle
itm_bo_pla_t2_ankle|Stivali di Pelle
itm_bo_pla_t2_ankle_pl|Stivali di Pelle
itm_bo_pla_t5_highlander|Stivali di Maglia
itm_bo_pla_t5_highlander_pl|Stivali di Maglia
itm_bo_pla_t7_greaves|Stivali a Piastre
itm_bo_pla_t7_greaves_pl|Stivali a Piastre
itm_ga_swa_a4_plate|Guanti a Piastre
itm_ga_swa_a4_plate_pl|Guanti a Piastre
itm_ga_swa_a6_plate|Guanti a Piastre
itm_ga_swa_a6_plate_pl|Guanti a Piastre
itm_ga_vae_a5_mail|Guanti di Maglia
itm_ga_vae_a5_mail_pl|Guanti di Maglia
itm_ga_vae_a6_black|Guanti di Ferro
itm_ga_vae_a6_black_pl|Guanti di Ferro
itm_ga_khe_a5_armor|Guanti Lamellari
itm_ga_khe_a5_armor_pl|Guanti Lamellari
itm_ga_khe_a6_lamellar|Guanti Lamellari
itm_ga_khe_a6_lamellar_pl|Guanti Lamellari
itm_ga_rho_a2_leather|Guanti di Pelle
itm_ga_rho_a2_leather_pl|Guanti di Pelle
itm_ga_rho_a5_bnw|Guanti a Piastre Decorati
itm_ga_rho_a5_bnw_pl|Guanti a Piastre Decorati
itm_ga_rho_a6_hourglass|Guanti di Ferro
itm_ga_rho_a6_hourglass_pl|Guanti di Ferro
itm_ga_pla_a5_iron|Guanti a Piastre
itm_ga_pla_a5_iron_pl|Guanti a Piastre
itm_he_gen_lad_bride_crown|Soggolo
itm_he_gen_lad_bride_crown_pl|Soggolo
itm_he_swa_lad_common_a|Copricapo di Stoffa Bianca
itm_he_swa_lad_common_a_pl|Copricapo di Stoffa Bianca
itm_he_swa_t1_common_a|Cappuccio comune
itm_he_swa_t1_common_a_pl|Cappuccio comune
itm_he_swa_t1_noble_a|Cuffia sotto-elmo
itm_he_swa_t1_noble_a_pl|Cuffia sotto-elmo
itm_he_vae_lad_lady_a|Barbette
itm_he_vae_lad_lady_a_pl|Barbette
itm_he_vae_t1_common_a|Cappello di Feltro
itm_he_vae_t1_common_a_pl|Cappello di Feltro
itm_he_khe_lad_common_a|Cappello di Pelle
itm_he_khe_lad_common_a_pl|Cappello di Pelle
itm_he_nor_t1_common_a|Cappello di Lana
itm_he_nor_t1_common_a_pl|Cappello di Lana
itm_he_pla_pri_noel|Elmo di Cinghiale
itm_he_pla_pri_noel_pl|Elmo di Cinghiale
itm_he_swa_t2_coif_a|Calotta di Cuoio Imbottita
itm_he_swa_t2_coif_a_pl|Calotta di Cuoio Imbottita
itm_he_swa_t3_helmet_a|Elmo di Capra
itm_he_swa_t3_helmet_a_pl|Elmo di Capra
itm_he_swa_t4_bascinet_a|Cappello di Paglia
itm_he_swa_t4_bascinet_a_pl|Cappello di Paglia
itm_he_vae_t6_warhelmet_a|Cappello di Feltro
itm_he_vae_t6_warhelmet_a_pl|Cappello di Feltro
itm_he_vae_t7_warmask_a|Elmo Grande
itm_he_vae_t7_warmask_a_pl|Elmo Grande
itm_he_vae_t7_warmask_b|Cappello di Pelle
itm_he_vae_t7_warmask_b_pl|Cappello di Pelle
itm_he_khe_t2_steppe_a|Cappello di Pelle con Pelliccia
itm_he_khe_t2_steppe_a_pl|Cappello di Pelle con Pelliccia
itm_he_khe_t3_steppe_a|Elmo di Pelle
itm_he_khe_t3_steppe_a_pl|Elmo di Pelle
itm_he_khe_t4_war_a|Elmo a Becco di Passero
itm_he_khe_t4_war_a_pl|Elmo a Becco di Passero
itm_he_khe_t5_neck_a|Elmo Grande
itm_he_khe_t5_neck_a_pl|Elmo Grande
itm_he_nor_t2_spangen_a|Elmo con Nasale
itm_he_nor_t2_spangen_a_pl|Elmo con Nasale
itm_he_nor_t3_valsgarde_a|Elmo con Nasale
itm_he_nor_t3_valsgarde_a_pl|Elmo con Nasale
itm_he_nor_t5_valsgarde_a|Elmo con Nasale
itm_he_nor_t5_valsgarde_a_pl|Elmo con Nasale
itm_he_rho_t2_beret_a|Cappello di Pelle
itm_he_rho_t2_beret_a_pl|Cappello di Pelle
itm_he_rho_t5_kettle_a|Elmo con Nasale
itm_he_rho_t5_kettle_a_pl|Elmo con Nasale
itm_he_pla_t7_gerulfingen|Elmo da Armatura
itm_he_pla_t7_gerulfingen_pl|Elmo da Armatura
itm_he_pla_t7_crusader_a|Bigoncia
itm_he_pla_t7_crusader_a_pl|Bigoncia
itm_he_pla_t7_crusader_b|Elmo da Armatura
itm_he_pla_t7_crusader_b_pl|Elmo da Armatura
itm_sh_swa_rou_bandit_a|Scudo del clan
itm_sh_swa_rou_bandit_a_pl|Scudo del Clan
itm_sh_swa_hea_plain|Scudo Triangolare
itm_sh_swa_hea_plain_pl|Scudo Triangolare
itm_sh_swa_kit_horseman|Scudo a Goccia
itm_sh_swa_kit_horseman_pl|Scudo a Goccia
itm_sh_swa_hea_horseman|Scudo Triangolare
itm_sh_swa_hea_horseman_pl|Scudo Triangolare
itm_sh_vae_kit_old|Scudo a Goccia Vecchio
itm_sh_vae_kit_old_pl|Scudo a Goccia Vecchio
itm_sh_vae_kit_plain|Scudo semplice
itm_sh_vae_kit_plain_pl|Scudo semplice
itm_sh_vae_kit_heavy|Scudo semplice
itm_sh_vae_kit_heavy_pl|Scudo semplice
itm_sh_khe_rou_old|Scudo Rotondo Vecchio
itm_sh_khe_rou_old_pl|Scudo Rotondo Vecchio
itm_sh_khe_rou_plain|Scudo Rotondo Semplice
itm_sh_khe_rou_plain_pl|Scudo Rotondo Semplice
itm_sh_khe_rou_round|Scudo Rotondo
itm_sh_khe_rou_round_pl|Scudo Rotondo
itm_sh_khe_rou_heavy|Scudo Rotondo Pesante
itm_sh_khe_rou_heavy_pl|Scudo Rotondo Pesante
itm_sh_sar_rou_plain|Scudo Rotondo Semplice
itm_sh_sar_rou_plain_pl|Scudo Rotondo Semplice
itm_sh_sar_rou_round|Scudo Rotondo
itm_sh_sar_rou_round_pl|Scudo Rotondo
itm_sh_sar_rou_elite|Scudo Rotondo Pesante
itm_sh_sar_rou_elite_pl|Scudo Rotondo Pesante
itm_sh_sar_rou_mamluk|Scudo Rotondo d'Elite
itm_sh_sar_rou_mamluk_pl|Scudo Rotondo d'Elite
itm_sh_pla_pav_plain|Scudo Pavese Semplice
itm_sh_pla_pav_plain_pl|Scudo Pavese Semplice
itm_sh_pla_pav_heavy|Scudo Pavese Pesante
itm_sh_pla_pav_heavy_pl|Scudo Pavese Pesante
itm_sh_nor_rou_small_b|Scudo Rotondo
itm_sh_nor_rou_small_b_pl|Scudo Rotondo
itm_sh_nor_rou_medium_b|Scudo Rotondo
itm_sh_nor_rou_medium_b_pl|Scudo Rotondo
itm_sh_nor_rou_large_b|Scudo Rotondo
itm_sh_nor_rou_large_b_pl|Scudo Rotondo
itm_sh_rho_rou_bandit_a|Scudo del Clan
itm_sh_rho_rou_bandit_a_pl|Scudo del Clan
itm_heraldic_cuir_bouilli|Armatura di Pelle Pesante Araldica
itm_heraldic_cuir_bouilli_pl|Armatura di Pelle Pesante Araldica
itm_cor_herald|Armatura Pesante a Piastre Araldica
itm_cor_herald_pl|Armatura Pesante a Piastre Araldica
itm_heraldic_cozur_1|Usbergo di Maglia Araldico
itm_heraldic_cozur_1_pl|Usbergo di Maglia Araldico
itm_heraldic_cozur_2|Usbergo di Maglia Araldico
itm_heraldic_cozur_2_pl|Usbergo di Maglia Araldico
itm_brigandine_b_heraldic|Usbergo di Maglia Araldico
itm_brigandine_b_heraldic_pl|Usbergo di Maglia Araldico
itm_heraldic_tunic_new|Usbergo di Maglia Araldico
itm_heraldic_tunic_new_pl|Usbergo di Maglia Araldico
itm_frenchpepperpot2|Elmo Cilindro con Visiera
itm_frenchpepperpot2_pl|Elmo Cilindro con Visiera
itm_frenchpepperpot3|Elmo Cilindro con Visiera
itm_frenchpepperpot3_pl|Elmo Cilindro con Visiera
itm_munitionshelm2|Elmo con Visiera
itm_munitionshelm2_pl|Elmo con Visiera
itm_conichelm|Elmo Conico
itm_conichelm_pl|Elmo Conico
itm_pepperpothelm1|Elmo Cilindro con Visiera
itm_pepperpothelm1_pl|Elmo Cilindro con Visiera
itm_normanpepperpot|Elmo Conico Con Visiera
itm_normanpepperpot_pl|Elmo Conico Con Visiera
itm_munitionshelm1|Elmo con Visiera
itm_munitionshelm1_pl|Elmo con Visiera
itm_crownedhelm|Elmo Nasale con Corona
itm_crownedhelm_pl|Elmo Nasale con Corona
itm_frenchpepperpot|Elmo Cilindro con Visiera
itm_frenchpepperpot_pl|Elmo Cilindro con Visiera
itm_flattophelmet|Elmo Cilindro
itm_flattophelmet_pl|Elmo Cilindro
itm_chionite_hat_b|Cappello di Lana
itm_chionite_hat_b_pl|Cappello di Lana
itm_clansman_cloth_1|Tunica del Clan
itm_clansman_cloth_1_pl|Tunica del Clan
itm_clansman_cloth_2|Tunica del Clan
itm_clansman_cloth_2_pl|Tunica del Clan
itm_clansman_cloth_3|Tunica del Clan
itm_clansman_cloth_3_pl|Tunica del Clan
itm_clansman_lamellar_1|Armatura Lamellare del Clan
itm_clansman_lamellar_1_pl|Armatura Lamellare del Clan
itm_clansman_lamellar_2|Armatura Lamellare del Clan
itm_clansman_lamellar_2_pl|Armatura Lamellare del Clan
itm_clansman_fur_armor_1|Armatura di Pelliccia Pesante del Clan
itm_clansman_fur_armor_1_pl|Armatura di Pelliccia Pesante del Clan
itm_clansman_fur_armor_2|Armatura di Pelliccia Pesante del Clan
itm_clansman_fur_armor_2_pl|Armatura di Pelliccia Pesante del Clan
itm_bigod_spurs|Stivali a Piastre
itm_bigod_spurs_pl|Stivali a Piastre
itm_brienne_spurs|Stivali a Piastre
itm_brienne_spurs_pl|Stivali a Piastre
itm_henryv_helm|Grande Elmo Incoronato di Aegon Targaryens
itm_henryv_helm_pl|Grande Elmo Incoronato di Aegon Targaryens
itm_longshanks_helm|Grande Elmo Incoronato
itm_longshanks_helm_pl|Grande Elmo Incoronato
itm_byz_helmet_a|Elmo con Nasale
itm_byz_helmet_a_pl|Elmo con Nasale
itm_archer_a|Tunica da Contadino
itm_archer_a_pl|Tunica da Contadino
itm_militia_tunic_a|Tunica da Contadino
itm_militia_tunic_a_pl|Tunica da Contadino
itm_peasant_b|Tunica da Contadino
itm_peasant_b_pl|Tunica da Contadino
itm_peasant_c|Tunica da Contadino
itm_peasant_c_pl|Tunica da Contadino
itm_peasant_man_b|Tunica da Contadino
itm_peasant_man_b_pl|Tunica da Contadino
itm_peasant_outfit_a|Tunica da Contadino
itm_peasant_outfit_a_pl|Tunica da Contadino
itm_flattop_a|Elmo Cilindro
itm_flattop_a_pl|Elmo Cilindro
itm_varangian_helmet|Elmo da Catafratto
itm_varangian_helmet_pl|Elmo da Catafratto
itm_andalusianskirmisher_armor|Corpetto di Pelle Pesante
itm_andalusianskirmisher_armor_pl|Corpetto di Pelle Pesante
itm_gaelic_mail_shirt_a|Usbergo di Maglia
itm_gaelic_mail_shirt_a_pl|Usbergo di Maglia
itm_galloglass_padded|Usbergo di Maglia
itm_galloglass_padded_pl|Usbergo di Maglia
itm_lit_segmented_helmet|Elmo Grande
itm_lit_segmented_helmet_pl|Elmo Grande
itm_liv_tunic_a|Tunica da Fedele
itm_liv_tunic_a_pl|Tunica da Fedele
itm_teu_postulant|Usbergo di Maglia
itm_teu_postulant_pl|Usbergo di Maglia
itm_mackie_dagger|Pugnale di Valyria
itm_mackie_dagger_pl|Pugnale di Valyria
itm_mackie_bearded_axe|Ascia a Due Mani
itm_mackie_bearded_axe_pl|Ascia a Due Mani
itm_mackie_beefsplitter01|Fenditoio da Contadino
itm_mackie_beefsplitter01_pl|Fenditoio da Contadino
itm_mackie_beefsplitter02|Fenditoio da Contadino
itm_mackie_beefsplitter02_pl|Fenditoio da Contadino
itm_mackie_celtic_axe|Ascia a Due Mani
itm_mackie_celtic_axe_pl|Ascia a Due Mani
itm_mackie_tomahawk|Ascia a Una Mano
itm_mackie_tomahawk_pl|Ascia a Una Mano
itm_mackie_varangian_axe|Ascia a Una Mano
itm_mackie_varangian_axe_pl|Ascia a Una Mano
itm_mackie_voulge|Voulge
itm_mackie_voulge_pl|Voulge
itm_mackie_godenak|Mannaia da Guerra
itm_mackie_godenak_pl|Mannaia da Guerra
itm_mackie_morning_star_long|Mazza Spinata a Lunga Impugnatura
itm_mackie_morning_star_long_pl|Mazza Spinata a Lunga Impugnatura
itm_coif|Calotta di Maglia
itm_coif_pl|Calotta di Maglia
itm_kettlehatfacebyrnie|Cappello d'Arme
itm_kettlehatfacebyrnie_pl|Cappello d'Arme
itm_kettlehat2|Cappello d'Arme
itm_kettlehat2_pl|Cappello d'Arme
itm_col1_kettlehat1|Bacinetto
itm_col1_kettlehat1_pl|Bacinetto
itm_col1_kettlehat2|Bacinetto
itm_col1_kettlehat2_pl|Bacinetto
itm_byzantion|Cappello d'Arme a Punta
itm_byzantion_pl|Cappello d'Arme a Punta
itm_col1_byzantion|Cappello d'Arme a Punta
itm_col1_byzantion_pl|Cappello d'Arme a Punta
itm_aketon|Gambesone
itm_aketon_pl|Gambesone
itm_nomad_cap_b_new|Cappello di Pelle
itm_nomad_cap_b_new_pl|Cappello di Pelle
itm_black_khergit_armor_new|Armatura di Pelliccia
itm_black_khergit_armor_new_pl|Armatura di Pelliccia
itm_black_nomad_armor_new|Armatura di Pelliccia
itm_black_nomad_armor_new_pl|Armatura di Pelliccia
itm_brass_shield2|Scudo Rotondo di Bronzo
itm_brass_shield2_pl|Scudo Rotondo di Bronzo
itm_dec_steel_shield|Scudo Rotondo d'Argento
itm_dec_steel_shield_pl|Scudo Rotondo d'Argento
itm_brass_mamluk_armor|Armatura Pesante a Piastre
itm_brass_mamluk_armor_pl|Armatura Pesante a Piastre
itm_mercenary_lamellar|Armatura Lamellare Costosa
itm_mercenary_lamellar_pl|Armatura Lamellare Costosa
itm_mercenary_surcoat|Cotta di Maglia con Surcotto
itm_mercenary_surcoat_pl|Cotta di Maglia con Surcotto
itm_mercenary_hauberk|Usbergo di Maglia
itm_mercenary_hauberk_pl|Usbergo di Maglia
itm_surcoat_braavosi|Cotta di Maglia con Surcotto
itm_surcoat_braavosi_pl|Cotta di Maglia con Surcotto
itm_surcoat_lorathi|Cotta di Maglia con Surcotto
itm_surcoat_lorathi_pl|Cotta di Maglia con Surcotto
itm_surcoat_tyrosh|Cotta di Maglia con Surcotto
itm_surcoat_tyrosh_pl|Cotta di Maglia con Surcotto
itm_surcoat_lys|Cotta di Maglia con Surcotto
itm_surcoat_lys_pl|Cotta di Maglia con Surcotto
itm_militia_tunic_a2|Tunica da Contadino con Mantello
itm_militia_tunic_a2_pl|Tunica da Contadino con Mantello
itm_peasant_b2|Tunica da Contadino con Mantello
itm_peasant_b2_pl|Tunica da Contadino con Mantello
itm_peasant_c2|Tunica da Contadino con Mantello
itm_peasant_c2_pl|Tunica da Contadino con Mantello
itm_peasant_outfit_a2|Tunica da Contadino con Mantello
itm_peasant_outfit_a2_pl|Tunica da Contadino con Mantello
itm_norman_short_hauberk|Usbergo di Maglia
itm_norman_short_hauberk_pl|Usbergo di Maglia
itm_rough_padded_leather|Tunica Imbottita
itm_rough_padded_leather_pl|Tunica Imbottita
itm_surcoat_over_mail_swadian_f|Cotta di Maglia con Surcotto di Pelle
itm_surcoat_over_mail_swadian_f_pl|Cotta di Maglia con Surcotto di Pelle
itm_rathos_fluted_helmet|Elmo Zigrinato
itm_rathos_fluted_helmet_pl|Elmo Zigrinato
itm_inv_nikolskoe_helm|Elmo Catafratto
itm_inv_nikolskoe_helm_pl|Elmo Catafratto
itm_kolchuga|Usbergo di Maglia
itm_kolchuga_pl|Usbergo di Maglia
itm_rus_cap|Calotta
itm_rus_cap_pl|Calotta
itm_rus_fur_hat|Cappello di Pelliccia di Braavos
itm_rus_fur_hat_pl|Cappello di Pelliccia di Braavos
itm_langsax|Coltello Lungo
itm_langsax_pl|Coltello Lungo
itm_saxon_cap|Calotta
itm_saxon_cap_pl|Calotta
itm_saxon_tunic_a|Tunica da Contadino
itm_saxon_tunic_a_pl|Tunica da Contadino
itm_crossbearer_cap|Calotta da Septon
itm_crossbearer_cap_pl|Calotta da Septon
itm_crossbearer|Veste da Septon
itm_crossbearer_pl|Veste da Septon
itm_red_priest|Veste da Sacerdote Rossa
itm_red_priest_pl|Veste da Sacerdote Rossa
itm_sonyer_saracen_2|Bacinetto
itm_sonyer_saracen_2_pl|Bacinetto
itm_leather_vest_brn|Veste di Pelle
itm_leather_vest_brn_pl|Veste di Pelle
itm_gambeson_trans|Farsetto d'Arme
itm_gambeson_trans_pl|Farsetto d'Arme
itm_onion_top_bascinet|Elmo a Becco di Passero
itm_onion_top_bascinet_pl|Elmo a Becco di Passero
itm_battered_plainhelm|Vecchio Elmo con Nasale 
itm_battered_plainhelm_pl|Vecchio Elmo con Nasale 
itm_wight_berserker_1|Corpo di un Non-Morto
itm_wight_berserker_1_pl|Corpo di un Non-Morto
itm_wight_berserker_2|Corpo di un Non-Morto
itm_wight_berserker_2_pl|Corpo di un Non-Morto
itm_wight_berserker_3|Corpo di un Non-Morto
itm_wight_berserker_3_pl|Corpo di un Non-Morto
itm_wight_fur_armor_1|Armatura di Pelle
itm_wight_fur_armor_1_pl|Armatura di Pelle
itm_wight_fur_armor_2|Armatura di Pelliccia Pesante
itm_wight_fur_armor_2_pl|Armatura di Pelliccia Pesante
itm_wight_face_1_1|Testa di un Non-Morto
itm_wight_face_1_1_pl|Testa di un Non-Morto
itm_wight_face_1_2|Testa di un Non-Morto
itm_wight_face_1_2_pl|Testa di un Non-Morto
itm_wight_face_1_3|Testa di un Non-Morto
itm_wight_face_1_3_pl|Testa di un Non-Morto
itm_wight_face_2_1|Testa di un Non-Morto
itm_wight_face_2_1_pl|Testa di un Non-Morto
itm_wight_face_2_2|Testa di un Non-Morto
itm_wight_face_2_2_pl|Testa di un Non-Morto
itm_wight_face_2_3|Testa di un Non-Morto
itm_wight_face_2_3_pl|Testa di un Non-Morto
itm_wight_face_helmet_1|Elmo di un Non-Morto
itm_wight_face_helmet_1_pl|Elmo di un Non-Morto
itm_wight_face_helmet_2|Cappello di un Non-Morto
itm_wight_face_helmet_2_pl|Cappello di un Non-Morto
itm_wight_face_helmet_3|Cappello di un Non-Morto
itm_wight_face_helmet_3_pl|Cappello di un Non-Morto
itm_wight_face_helmet_4|Cappello di un Non-Morto
itm_wight_face_helmet_4_pl|Cappello di un Non-Morto
itm_mace_knobbed|Mazza da Guerra
itm_mace_knobbed_pl|Mazza da Guerra
itm_mace_spiral|Mazza da Guerra
itm_mace_spiral_pl|Mazza da Guerra
itm_mackie_morning_star|Mazza Spinata
itm_mackie_morning_star_pl|Mazza Spinata
itm_kataphraktoi_2|Corpetto di Pelle
itm_kataphraktoi_2_pl|Corpetto di Pelle
itm_kataphraktoi_3|Armatura Pesante Lamellare
itm_kataphraktoi_3_pl|Armatura Pesante Lamellare
itm_kataphraktoi_4|Giaco a Piastre
itm_kataphraktoi_4_pl|Giaco a Piastre
itm_kataphraktoi_5|Giaco a Piastre
itm_kataphraktoi_5_pl|Giaco a Piastre
itm_shortsword1|Spada corta
itm_shortsword1_pl|Spada corta
itm_rus_mail_cozur|Usbergo di Maglia
itm_rus_mail_cozur_pl|Usbergo di Maglia
itm_sh_rho_pav_deploy_a|Armatura Pesante Lamellare
itm_sh_rho_pav_deploy_a_pl|Armatura Pesante Lamellare
itm_sh_rho_pav_deploy_b|Armatura Pesante a Piastre
itm_sh_rho_pav_deploy_b_pl|Armatura Pesante a Piastre
itm_sh_rho_pav_deploy_e|Stivali a Piastre
itm_sh_rho_pav_deploy_e_pl|Stivali a Piastre
itm_sh_rho_pav_deploy_f|Stivali a Piastre
itm_sh_rho_pav_deploy_f_pl|Stivali a Piastre
itm_fi_tourney_helmet_2|Elmo da Torneo Decorato
itm_fi_tourney_helmet_2_pl|Elmo da Torneo Decorato
itm_fi_hood_1|Cappuccio di Stoffa
itm_fi_hood_1_pl|Cappuccio di Stoffa
itm_fi_hood_4|Cappuccio di Pelle
itm_fi_hood_4_pl|Cappuccio di Pelle
itm_fi_sallet_1|Bigoncia con Visiera
itm_fi_sallet_1_pl|Bigoncia con Visiera
itm_fi_sallet_2|Bigoncia con Visiera
itm_fi_sallet_2_pl|Bigoncia con Visiera
itm_fi_sallet_3|Bigoncia aperta
itm_fi_sallet_3_pl|Bigoncia aperta
itm_fi_great_bascinet|Bacinetto Grande
itm_fi_great_bascinet_pl|Bacinetto Grande
itm_fi_pigface|Elmo Muso di Cane
itm_fi_pigface_pl|Elmo Muso di Cane
itm_fi_cataphract_helmet_2|Elmo Catafratto
itm_fi_cataphract_helmet_2_pl|Elmo Catafratto
itm_cool_dagger|Pugnale
itm_cool_dagger_pl|Pugnale
itm_cool_dagger_2|Pugnale
itm_cool_dagger_2_pl|Pugnale
itm_cool_dagger_3|Pugnale
itm_cool_dagger_3_pl|Pugnale
itm_cool_dagger_4|Pugnale
itm_cool_dagger_4_pl|Pugnale
itm_ilyns_leather_armor|Armatura di Pelle di Ilyn
itm_ilyns_leather_armor_pl|Armatura di Pelle di Ilyn
itm_kingsguard_armor|Armatura della Guardia Reale
itm_kingsguard_armor_pl|Armatura della Guardia Reale
itm_stormlands_sellsword_armor_1|Usbergo di Maglia
itm_stormlands_sellsword_armor_1_pl|Usbergo di Maglia
itm_dragonstone_sellsword_armor_2|Usbergo di Maglia
itm_dragonstone_sellsword_armor_2_pl|Usbergo di Maglia
itm_sellsword_armor_4|Usbergo di Maglia
itm_sellsword_armor_4_pl|Usbergo di Maglia
itm_fi_chain_mail_hauberk|Usbergo di Maglia
itm_fi_chain_mail_hauberk_pl|Usbergo di Maglia
itm_shagwells_armor|Usbergo di Maglia
itm_shagwells_armor_pl|Usbergo di Maglia
itm_sellsword_armor_3|Armatura Pesante a Piastre
itm_sellsword_armor_3_pl|Armatura Pesante a Piastre
itm_vale_sellsword_armor_5|Armatura Pesante a Piastre
itm_vale_sellsword_armor_5_pl|Armatura Pesante a Piastre
itm_sellsword_plate_armor_3|Armatura Pesante a Piastre
itm_sellsword_plate_armor_3_pl|Armatura Pesante a Piastre
itm_full_plate_armor_1|Armatura Pesante a Piastre
itm_full_plate_armor_1_pl|Armatura Pesante a Piastre
itm_full_plate_armor_2|Armatura Pesante a Piastre
itm_full_plate_armor_2_pl|Armatura Pesante a Piastre
itm_full_plate_armor_3|Armatura Pesante a Piastre
itm_full_plate_armor_3_pl|Armatura Pesante a Piastre
itm_fi_chain_mail_jerkin|Armatura Pesante a Piastre
itm_fi_chain_mail_jerkin_pl|Armatura Pesante a Piastre
itm_fi_massive_plate_armor|Armatura Pesante a Piastre
itm_fi_massive_plate_armor_pl|Armatura Pesante a Piastre
itm_fi_arryn_plate_armor_1|Armatura Pesante a Piastre
itm_fi_arryn_plate_armor_1_pl|Armatura Pesante a Piastre
itm_fi_dorne_plate_armor_1|Armatura Pesante a Piastre
itm_fi_dorne_plate_armor_1_pl|Armatura Pesante a Piastre
itm_fi_dorne_plate_armor_2|Armatura Pesante a Piastre
itm_fi_dorne_plate_armor_2_pl|Armatura Pesante a Piastre
itm_fi_reach_plate_armor_1|Armatura Pesante a Piastre
itm_fi_reach_plate_armor_1_pl|Armatura Pesante a Piastre
itm_fi_reach_plate_armor_2|Armatura Pesante a Piastre
itm_fi_reach_plate_armor_2_pl|Armatura Pesante a Piastre
itm_fi_reach_plate_armor_3|Armatura Pesante a Piastre
itm_fi_reach_plate_armor_3_pl|Armatura Pesante a Piastre
itm_fi_westerlands_plate_armor_1|Armatura Pesante a Piastre
itm_fi_westerlands_plate_armor_1_pl|Armatura Pesante a Piastre
itm_fi_stripped_leather_jerkin|Gilet di Cuoio
itm_fi_stripped_leather_jerkin_pl|Gilet di Cuoio
itm_fi_leather_jerkin_2|Gilet di Cuoio
itm_fi_leather_jerkin_2_pl|Gilet di Cuoio
itm_fi_leather_jerkin|Corpetto di Pelle Pesante
itm_fi_leather_jerkin_pl|Corpetto di Pelle Pesante
itm_fi_green_leather_armor|Corpetto di Cuoio Bosco del Re
itm_fi_green_leather_armor_pl|Corpetto di Cuoio Bosco del Re
itm_stormland_light|Farsetto d'Arme
itm_stormland_light_pl|Farsetto d'Arme
itm_sellsword_light|Corpetto di Pelle
itm_sellsword_light_pl|Corpetto di Pelle
itm_westerland_goldcloak|Usbergo di Maglia Cappe Dorate
itm_westerland_goldcloak_pl|Usbergo di Maglia Cappe Dorate
itm_westerland_goldcloak_cloaked|Usbergo di Maglia Cappe Dorate
itm_westerland_goldcloak_cloaked_pl|Usbergo di Maglia Cappe Dorate
itm_westerland_hound|Usbergo di Maglia
itm_westerland_hound_pl|Usbergo di Maglia
itm_nightswatch_a|Corpetto di Pelle
itm_nightswatch_a_pl|Corpetto di Pelle
itm_nightswatch_b|Corpetto di Pelle
itm_nightswatch_b_pl|Corpetto di Pelle
itm_nightswatch_c|Corpetto di Pelle Rinforzato
itm_nightswatch_c_pl|Corpetto di Pelle Rinforzato
itm_nightswatch_d|Armatura Lamellare
itm_nightswatch_d_pl|Armatura Lamellare
itm_north_archer|Farsetto d'Arme di Pelle
itm_north_archer_pl|Farsetto d'Arme di Pelle
itm_north_hunter|Corpetto di Pelle
itm_north_hunter_pl|Corpetto di Pelle
itm_north_heavycav|Armatura di Pelle Pesante
itm_north_heavycav_pl|Armatura di Pelle Pesante
itm_riverlands_light|Corpetto di Pelle Articolato
itm_riverlands_light_pl|Corpetto di Pelle Articolato
itm_riverlands_freyheavy|Corpetto di Pelle
itm_riverlands_freyheavy_pl|Corpetto di Pelle
itm_riverlands_freylight|Corpetto di Pelle
itm_riverlands_freylight_pl|Corpetto di Pelle
itm_riverlands_freylight_shoulders|Corpetto di Pelle
itm_riverlands_freylight_shoulders_pl|Corpetto di Pelle
itm_vale_heavy|Armatura Leggera a Piastre
itm_vale_heavy_pl|Armatura Leggera a Piastre
itm_vale_heavy_neck|Armatura Leggera a Piastre
itm_vale_heavy_neck_pl|Armatura Leggera a Piastre
itm_sellsword_jerkin|Corpetto di Pelle
itm_sellsword_jerkin_pl|Corpetto di Pelle
itm_sellsword_jerkin_neck|Corpetto di Pelle
itm_sellsword_jerkin_neck_pl|Corpetto di Pelle
itm_north_bolton_standard|Usbergo di Maglia
itm_north_bolton_standard_pl|Usbergo di Maglia
itm_north_bolton_heavy|Usbergo di Maglia con Placche
itm_north_bolton_heavy_pl|Usbergo di Maglia con Placche
itm_north_bolton_standard_cloaked|Usbergo di Maglia
itm_north_bolton_standard_cloaked_pl|Usbergo di Maglia
itm_north_bolton_lord|Usbergo di Maglia con Placche di Bolton
itm_north_bolton_lord_pl|Usbergo di Maglia con Placche di Bolton
itm_north_bolton_lord_cloaked|Usbergo di Maglia di Bolton
itm_north_bolton_lord_cloaked_pl|Usbergo di Maglia di Bolton
itm_north_karstark_01|Usbergo di Maglia
itm_north_karstark_01_pl|Usbergo di Maglia
itm_north_karstark_01_heavy|Usbergo di Maglia con Placche
itm_north_karstark_01_heavy_pl|Usbergo di Maglia con Placche
itm_north_karstark_01_cloaked|Usbergo di Maglia
itm_north_karstark_01_cloaked_pl|Usbergo di Maglia
itm_north_karstark_02|Usbergo di Maglia
itm_north_karstark_02_pl|Usbergo di Maglia
itm_north_light_01|Corpetto di Pelle
itm_north_light_01_pl|Corpetto di Pelle
itm_north_light_01_cloaked|Corpetto di Pelle
itm_north_light_01_cloaked_pl|Corpetto di Pelle
itm_north_light_02|Usbergo di Maglia
itm_north_light_02_pl|Usbergo di Maglia
itm_north_stark_captain_heavy|Usbergo di Maglia con Placche
itm_north_stark_captain_heavy_pl|Usbergo di Maglia con Placche
itm_north_stark_captain|Usbergo di Maglia
itm_north_stark_captain_pl|Usbergo di Maglia
itm_north_stark_captain_cloaked|Usbergo di Maglia
itm_north_stark_captain_cloaked_pl|Usbergo di Maglia
itm_north_stark_knight|Corpetto di Pelle Pesante
itm_north_stark_knight_pl|Corpetto di Pelle Pesante
itm_north_stark_heavy_knight|Corpetto di Pelle Pesante con Placche
itm_north_stark_heavy_knight_pl|Corpetto di Pelle Pesante con Placche
itm_north_stark_lord|Corpetto di Pelle Pesante con Placche
itm_north_stark_lord_pl|Corpetto di Pelle Pesante con Placche
itm_north_stark_standard|Corpetto di Pelle Pesante
itm_north_stark_standard_pl|Corpetto di Pelle Pesante
itm_north_stark_guardsman|Corpetto di Pelle Pesante
itm_north_stark_guardsman_pl|Corpetto di Pelle Pesante
itm_north_umbar|Corpetto di Pelle Pesante di Umber
itm_north_umbar_pl|Corpetto di Pelle Pesante di Umber
itm_north_umbar_cloaked|Corpetto di Pelle Pesante di Umber
itm_north_umbar_cloaked_pl|Corpetto di Pelle Pesante di Umber
itm_reach_loras|Armatura Pesante a Piastre
itm_reach_loras_pl|Armatura Pesante a Piastre
itm_reach_loras2|Armatura Pesante a Piastre
itm_reach_loras2_pl|Armatura Pesante a Piastre
itm_riverlands_blackfish|Usbergo di Maglia
itm_riverlands_blackfish_pl|Usbergo di Maglia
itm_riverlands_edmure|Usbergo di Maglia di Edmure
itm_riverlands_edmure_pl|Usbergo di Maglia di Edmure
itm_riverlands_frey_01|Corpetto di Pelle
itm_riverlands_frey_01_pl|Corpetto di Pelle
itm_riverlands_frey_01_neck|Corpetto di Pelle Pesante
itm_riverlands_frey_01_neck_pl|Corpetto di Pelle Pesante
itm_riverlands_frey_02|Corpetto di Pelle
itm_riverlands_frey_02_pl|Corpetto di Pelle
itm_riverlands_frey_02_neck|Corpetto di Pelle Pesante
itm_riverlands_frey_02_neck_pl|Corpetto di Pelle Pesante
itm_riverlands_heavy_no_shoulders|Usbergo di Maglia
itm_riverlands_heavy_no_shoulders_pl|Usbergo di Maglia
itm_riverlands_heavy|Usbergo di Maglia
itm_riverlands_heavy_pl|Usbergo di Maglia
itm_riverlands_heavy_neck|Usbergo di Maglia Pesante
itm_riverlands_heavy_neck_pl|Usbergo di Maglia Pesante
itm_riverlands_standard_01|Corpetto di Pelle Pesante
itm_riverlands_standard_01_pl|Corpetto di Pelle Pesante
itm_stormlands_brienne|Armatura Pesante a Piastre
itm_stormlands_brienne_pl|Armatura Pesante a Piastre
itm_stormlands_brienne2|Armatura Pesante a Piastre
itm_stormlands_brienne2_pl|Armatura Pesante a Piastre
itm_stormlands_renly|Farsetto d'Arme Rinforzato di Renly
itm_stormlands_renly_pl|Farsetto d'Arme Rinforzato di Renly
itm_westerlands_heavy|Armatura Leggera a Piastre
itm_westerlands_heavy_pl|Armatura Leggera a Piastre
itm_westerlands_heavy_lord|Armatura Pesante a Piastre di Tywin
itm_westerlands_heavy_lord_pl|Armatura Pesante a Piastre di Tywin
itm_westerlands_heavy_standard|Armatura Leggera a Piastre
itm_westerlands_heavy_standard_pl|Armatura Leggera a Piastre
itm_westerlands_hound|Armatura Leggera a Piastre
itm_westerlands_hound_pl|Armatura Leggera a Piastre
itm_westerlands_king|Armatura Pesante a Piastre
itm_westerlands_king_pl|Armatura Pesante a Piastre
itm_westerlands_lord_1|Armatura Leggera a Piastre
itm_westerlands_lord_1_pl|Armatura Leggera a Piastre
itm_westerlands_lord_2|Armatura Leggera a Piastre
itm_westerlands_lord_2_pl|Armatura Leggera a Piastre
itm_westerlands_light_01|Corpetto di Pelle
itm_westerlands_light_01_pl|Corpetto di Pelle
itm_westerlands_light_02|Corpetto di Pelle
itm_westerlands_light_02_pl|Corpetto di Pelle
itm_westerlands_polliver_01|Corpetto di Pelle Pesante con Placche
itm_westerlands_polliver_01_pl|Corpetto di Pelle Pesante con Placche
itm_westerlands_polliver_02|Corpetto di Pelle Pesante
itm_westerlands_polliver_02_pl|Corpetto di Pelle Pesante
itm_dragonstone_stannis|Usbergo di Maglia
itm_dragonstone_stannis_pl|Usbergo di Maglia
itm_westerland_helm|Elmo di Lannister
itm_westerland_helm_pl|Elmo di Lannister
itm_goldcloak_helm|Elmo delle Cappe Dorate
itm_goldcloak_helm_pl|Elmo delle Cappe Dorate
itm_kingsguard_helm|Elmo della Guardia Reale
itm_kingsguard_helm_pl|Elmo della Guardia Reale
itm_armor_baratheon|Armatura Pesante a Piastre
itm_armor_baratheon_pl|Armatura Pesante a Piastre
itm_bnw_armour_slashed|Armatura Leggera a Piastre
itm_bnw_armour_slashed_pl|Armatura Leggera a Piastre
itm_bnw_armour_slashed_full|Armatura Leggera a Piastre
itm_bnw_armour_slashed_full_pl|Armatura Leggera a Piastre
itm_bnw_armour_stripes|Armatura Leggera a Piastre
itm_bnw_armour_stripes_pl|Armatura Leggera a Piastre
itm_bnw_armour_stripes_full|Armatura Leggera a Piastre
itm_bnw_armour_stripes_full_pl|Armatura Leggera a Piastre
itm_pollivers_armor|Armatura di Polliver
itm_pollivers_armor_pl|Armatura di Polliver
itm_chiswycks_armor|Armatura di Chiswyck
itm_chiswycks_armor_pl|Armatura di Chiswyck
itm_dunsens_armor|Armatura di Dunsen
itm_dunsens_armor_pl|Armatura di Dunsen
itm_raffords_armor|Armatura di Rafford
itm_raffords_armor_pl|Armatura di Rafford
itm_ticklers_armor|Armatura della Banda di Gregor
itm_ticklers_armor_pl|Armatura della Banda di Gregor
itm_coldbringer|Ghiacciaia
itm_coldbringer_pl|Ghiacciaia
itm_fi_lowlander_sword|Spadone
itm_fi_lowlander_sword_pl|Spadone
itm_ssh_huscarl_armour|Armatura Pesante a Piastre di Victarion
itm_ssh_huscarl_armour_pl|Armatura Pesante a Piastre di Victarion
itm_kraken_mask|Elmo Kraken
itm_kraken_mask_pl|Elmo Kraken
itm_xenoargh_round_shield01|Scudo Rotondo di Legno
itm_xenoargh_round_shield01_pl|Scudo Rotondo di Legno
itm_west_man_at_arms_armor|Armatura Pesante a Piastre
itm_west_man_at_arms_armor_pl|Armatura Pesante a Piastre
itm_goplon1|Scudo Rotondo di Bronzo
itm_goplon1_pl|Scudo Rotondo di Bronzo
itm_mackie_strange_sword|Grande Spada Curva
itm_mackie_strange_sword_pl|Grande Spada Curva
itm_arakh|Arakh
itm_arakh_pl|Arakh
itm_short_arakh|Arakh
itm_short_arakh_pl|Arakh
itm_tyrions_armor|Armatura di Tyrion
itm_tyrions_armor_pl|Armatura di Tyrion
itm_joffreys_armor|Armatura di Joffrey
itm_joffreys_armor_pl|Armatura di Joffrey
itm_witcher_heater_7|Scudo Triangolare
itm_witcher_heater_7_pl|Scudo Triangolare
itm_nw_heater_shield|Scudo Triangolare
itm_nw_heater_shield_pl|Scudo Triangolare
itm_witcher_worn_shield|Scudo Rotondo di Legno
itm_witcher_worn_shield_pl|Scudo Rotondo di Legno
itm_xenoargh_shield_kite01_06|Scudo Semplice
itm_xenoargh_shield_kite01_06_pl|Scudo Semplice
itm_xenoargh_tableau_shield_heater_1|Scudo Triangolare
itm_xenoargh_tableau_shield_heater_1_pl|Scudo Triangolare
itm_golden_company_shield|Scudo semplice
itm_golden_company_shield_pl|Scudo semplice
itm_xenoargh_shield_pavise_1|Pavese
itm_xenoargh_shield_pavise_1_pl|Scudo Pavese
itm_xenoargh_shield_pavise_2|Scudo Pavese
itm_xenoargh_shield_pavise_2_pl|Scudo Pavese
itm_xenoargh_round_shield02|Scudo Rotondo di Legno
itm_xenoargh_round_shield02_pl|Scudi Rotondi di Legno
itm_xenoargh_round_shield03_06|Scudo Rotondo in Pelle
itm_xenoargh_round_shield03_06_pl|Scudi Rotondi in Pelle
itm_stark_shield|Scudo Rotondo in Acciaio
itm_stark_shield_pl|Scudo Rotondo in Acciaio
itm_alen_cargylls_hauberk|Surcotto di Alen Cargyll
itm_alen_cargylls_hauberk_pl|Surcotto di Alen Cargyll
itm_wide_toga_1|Toga
itm_wide_toga_1_pl|Toga
itm_reznak_robe_1|Vestito Ghiscari
itm_reznak_robe_1_pl|Vestito Ghiscari
itm_grazdan_robe_1|Vestito Ghiscari
itm_grazdan_robe_1_pl|Vestito Ghiscari
itm_hizdahr_robe_1|Vestito Ghiscari
itm_hizdahr_robe_1_pl|Vestito Ghiscari
itm_galazza_robe_1|Vestito Ghiscari
itm_galazza_robe_1_pl|Vestito Ghiscari
itm_yunkai_robe_1|Vestito Ghiscari
itm_yunkai_robe_1_pl|Vestito Ghiscari
itm_yunkai_robe_2|Vestito Ghiscari
itm_yunkai_robe_2_pl|Vestito Ghiscari
; itm_kuauik_vale_style_1|Ghiscari Tunic
; itm_kuauik_vale_style_1_pl|Ghiscari Tunic
; itm_kuauik_mace_style_1|Ghiscari Tunic
; itm_kuauik_mace_style_1_pl|Ghiscari Tunic
; itm_kuauik_mace_style_2|Ghiscari Tunic
; itm_kuauik_mace_style_2_pl|Ghiscari Tunic
; itm_kuauik_mace_style_3|Ghiscari Tunic
; itm_kuauik_mace_style_3_pl|Ghiscari Tunic
itm_kingsguard_armor_quest|Armatura Pesante della Guardia Reale
itm_kingsguard_armor_quest_pl|Armatura Pesante della Guardia Reale
itm_kingsguard_helm_quest|Elmo della Guardia Reale
itm_kingsguard_helm_quest_pl|Elmo della Guardia Reale
itm_nord_dress_common_b|Vestito da Contadino
itm_nord_dress_common_b_pl|Vestito da Contadino
itm_rhodok_dress_common_b|Vestito da Contadino
itm_rhodok_dress_common_b_pl|Vestito da Contadino
itm_sarranid_dress_common_a|Vestito da Contadino
itm_sarranid_dress_common_a_pl|Vestito da Contadino
itm_sarranid_dress_common_b|Vestito da Contadino
itm_sarranid_dress_common_b_pl|Vestito da Contadino
itm_aemonds_helmet|Elmo Becco di Passero di Aemond Targaryen
itm_aemonds_helmet_pl|Elmo Becco di Passero di Aemond Targaryen
itm_aemonds_boots|Stivali a Piastre di Aemond Targaryen
itm_aemonds_boots_pl|Stivali a Piastre di Aemond Targaryen
itm_aemonds_armor|Armatura Pesante a Piastre di Aemond Targaryen
itm_aemonds_armor_pl|Armatura Pesante a Piastre di Aemond Targaryen
itm_fi_estoc|Spada Lunga di Braavos
itm_fi_estoc_pl|Spada Lunga di Braavos
itm_hoggox|Ascia a Una Mano
itm_hoggox_pl|Ascia a Una Mano
itm_slim_axe|Ascia a Una Mano
itm_slim_axe_pl|Ascia a Una Mano
itm_heavy_cutting_axe|Ascia a Una Mano
itm_heavy_cutting_axe_pl|Ascia a Una Mano
itm_axe_e|Ascia a Una Mano
itm_axe_e_pl|Ascia a Una Mano
itm_axe_f|Ascia a Una Mano
itm_axe_f_pl|Ascia a Una Mano
itm_winters_frying_pan|Padella
itm_winters_frying_pan_pl|Padella
itm_bearded_axe|Ascia a Una Mano
itm_bearded_axe_pl|Ascia a Una Mano
itm_long_danox|Ascia a Due Mani
itm_long_danox_pl|Ascia a Due Mani
itm_fi_broad_axe|Ascia a Due Mani
itm_fi_broad_axe_pl|Ascia a Due Mani
itm_fi_claymore|Spadone
itm_fi_claymore_pl|Spadone
itm_sar_helmet1|Elmo Cilindro
itm_sar_helmet1_pl|Elmo Cilindro
itm_sar_helmet2|Elmo Cilindro
itm_sar_helmet2_pl|Elmo Cilindro
itm_tuareg_helmet|Elmo Cilindro
itm_tuareg_helmet_pl|Elmo Cilindro
itm_tuareg|Copricapo di Stoffa
itm_tuareg_pl|Copricapo di Stoffa
itm_tuareg_open|Copricapo di Stoffa
itm_tuareg_open_pl|Copricapo di Stoffa
itm_dunland_antleraxe|Ascia a Una Mano Antler
itm_dunland_antleraxe_pl|Ascia a Una Mano Antler
itm_dunland_spear|Asta d'Osso
itm_dunland_spear_pl|Asta d'Osso
itm_dunland_pike|Palo Appuntito
itm_dunland_pike_pl|Palo Appuntito
itm_wildling_heavy_armor_1|Armatura di Pelliccia Pesante
itm_wildling_heavy_armor_1_pl|Armatura di Pelliccia Pesante
itm_wildling_heavy_armor_2|Armatura di Pelliccia Pesante
itm_wildling_heavy_armor_2_pl|Armatura di Pelliccia Pesante
itm_wildling_heavy_armor_3|Armatura di Pelliccia Pesante
itm_wildling_heavy_armor_3_pl|Armatura di Pelliccia Pesante
itm_wildling_leather_vest_1|Veste di Pelle
itm_wildling_leather_vest_1_pl|Veste di Pelle
itm_wildling_leather_vest_2|Veste di Pelle
itm_wildling_leather_vest_2_pl|Veste di Pelle
itm_wildling_noble_cloth|Tunica Capo dei Bruti
itm_wildling_noble_cloth_pl|Tunica Capo dei Bruti
itm_bw_wildling_cloth_tunic_1|Tunica
itm_bw_wildling_cloth_tunic_1_pl|Tunica
itm_bw_wildling_cloth_tunic_2|Tunica
itm_bw_wildling_cloth_tunic_2_pl|Tunica
itm_bw_wildling_cloth_tunic_3|Tunica
itm_bw_wildling_cloth_tunic_3_pl|Tunica
itm_bw_wildling_leather_tunic_1|Tunica di Pelle
itm_bw_wildling_leather_tunic_1_pl|Tunica di Pelle
itm_bw_wildling_leather_tunic_2|Tunica di Pelle
itm_bw_wildling_leather_tunic_2_pl|Tunica di Pelle
itm_bw_wildling_leather_tunic_3|Tunica di Pelle
itm_bw_wildling_leather_tunic_3_pl|Tunica di Pelle
itm_bw_wildling_leather_tunic_4|Tunica di Pelle
itm_bw_wildling_leather_tunic_4_pl|Tunica di Pelle
itm_bw_wildling_leather_tunic_5|Tunica di Pelle
itm_bw_wildling_leather_tunic_5_pl|Tunica di Pelle
itm_bw_wildling_leather_tunic_6|Tunica di Pelle
itm_bw_wildling_leather_tunic_6_pl|Tunica di Pelle
itm_kuyak_a|Armatura Pelliccia con Placche di Tormund
itm_kuyak_a_pl|Armatura Pelliccia con Placche di Tormund
itm_kuyak_b|Armatura Pelliccia con Placche Capo Bruti
itm_kuyak_b_pl|Armatura Pelliccia con Placche Capo Bruti
itm_coat_of_plates4|Armatura di Pelliccia Pesante
itm_coat_of_plates4_pl|Armatura di Pelliccia Pesante
itm_coat_of_plates5|Armatura di Pelliccia Pesante
itm_coat_of_plates5_pl|Armatura di Pelliccia Pesante
itm_coat_of_plates6m|Armatura di Pelliccia Pesante
itm_coat_of_plates6m_pl|Armatura di Pelliccia Pesante
itm_raider_hauberk|Usbergo di Maglia
itm_raider_hauberk_pl|Usbergo di Maglia
itm_raider_hauberk2|Usbergo di Maglia
itm_raider_hauberk2_pl|Usbergo di Maglia
itm_raider_hauberk3|Usbergo di Maglia
itm_raider_hauberk3_pl|Usbergo di Maglia
itm_briton_helm|Elmo Nasale Capo Bruti
itm_briton_helm_pl|Elmo Nasale Capo Bruti
itm_dux_ridge_helm|Elmo Nasale di Tormund
itm_dux_ridge_helm_pl|Elmo Nasale di Tormund
itm_valsgarde1|Elmo con Nasale
itm_valsgarde1_pl|Elmo con Nasale
itm_valsgarde2|Elmo con Nasale
itm_valsgarde2_pl|Elmo con Nasale
itm_valsgarde3|Elmo con Nasale
itm_valsgarde3_pl|Elmo con Nasale
itm_valsgarde4|Elmo con Nasale
itm_valsgarde4_pl|Elmo con Nasale
itm_wildling_square_shield_1|Scudo Quadrato dei Bruti
itm_wildling_square_shield_1_pl|Scudo Quadrato dei Bruti
itm_wildling_square_shield_2|Scudo Quadrato dei Bruti
itm_wildling_square_shield_2_pl|Scudo Quadrato dei Bruti
itm_wildling_square_shield_3|Scudo Quadrato dei Bruti
itm_wildling_square_shield_3_pl|Scudo Quadrato dei Bruti
itm_wildling_square_shield_4|Scudo Quadrato dei Bruti
itm_wildling_square_shield_4_pl|Scudo Quadrato dei Bruti
itm_wildling_square_shield_5|Scudo Quadrato dei Bruti
itm_wildling_square_shield_5_pl|Scudo Quadrato dei Bruti
itm_wildling_square_shield_9|Scudo Quadrato dei Bruti
itm_wildling_square_shield_9_pl|Scudo Quadrato dei Bruti
itm_wildling_square_shield_12|Scudo Quadrato dei Bruti
itm_wildling_square_shield_12_pl|Scudo Quadrato dei Bruti
itm_xenoargh_round_shield05_plain|Scudo Rotondo di Legno
itm_xenoargh_round_shield05_plain_pl|Scudo Rotondo di Legno
itm_bw_wildling_cloth_tunic_1_noble|Tunica
itm_bw_wildling_cloth_tunic_1_noble_pl|Tunica
itm_bw_wildling_cloth_tunic_2_noble|Tunica
itm_bw_wildling_cloth_tunic_2_noble_pl|Tunica
itm_bw_wildling_cloth_tunic_3_noble|Tunica
itm_bw_wildling_cloth_tunic_3_noble_pl|Tunica
itm_bw_wildling_leather_tunic_1_noble|Tunica di Pelle
itm_bw_wildling_leather_tunic_1_noble_pl|Tunica di Pelle
itm_bw_wildling_leather_tunic_2_noble|Tunica di Pelle
itm_bw_wildling_leather_tunic_2_noble_pl|Tunica di Pelle
itm_bw_wildling_leather_tunic_3_noble|Tunica di Pelle
itm_bw_wildling_leather_tunic_3_noble_pl|Tunica di Pelle
itm_bw_wildling_leather_tunic_4_noble|Tunica di Pelle
itm_bw_wildling_leather_tunic_4_noble_pl|Tunica di Pelle
itm_bw_wildling_leather_tunic_5_noble|Tunica di Pelle
itm_bw_wildling_leather_tunic_5_noble_pl|Tunica di Pelle
itm_bw_wildling_leather_tunic_6_noble|Tunica di Pelle
itm_bw_wildling_leather_tunic_6_noble_pl|Tunica di Pelle
itm_we_swa_arrow_gromite|Frecce d'Acciaio
itm_we_swa_arrow_gromite_pl|Frecce d'Acciaio
itm_ar_nor_shi_skjortira|Divisa Dothraki
itm_ar_nor_shi_skjortira_pl|Divisa Dothraki
itm_ar_nor_tun_blue|Divisa Dothraki
itm_ar_nor_tun_blue_pl|Divisa Dothraki
itm_dothraki_lamellar|Armatura Lamellare Dothraki
itm_dothraki_lamellar_pl|Armatura Lamellare Dothraki
itm_brego_nord_helmet|Elmo con Nasale
itm_brego_nord_helmet_pl|Elmo con Nasale
itm_dothraki_hair_1|Treccia Dothraki
itm_dothraki_hair_1_pl|Treccia Dothraki
itm_dothraki_hair_2|Treccia Dothraki
itm_dothraki_hair_2_pl|Treccia Dothraki
itm_dothraki_hair_3|Treccia Dothraki
itm_dothraki_hair_3_pl|Treccia Dothraki
itm_dothraki_hair_4|Treccia Dothraki
itm_dothraki_hair_4_pl|Treccia Dothraki
itm_dothraki_hair_5|Treccia Dothraki
itm_dothraki_hair_5_pl|Treccia Dothraki
itm_dothraki_hair_6|Treccia Dothraki
itm_dothraki_hair_6_pl|Treccia Dothraki
itm_otk_shlem|Elmo del Piagnone
itm_otk_shlem_pl|Elmo del Piagnone
itm_otk_axe|Ascia a Una Mano
itm_otk_axe_pl|Ascia a Una Mano
itm_mackie_machete|Mannaia Dothraki
itm_mackie_machete_pl|Mannaia Dothraki
itm_mackie_meat_cleaver_1|Mannaia da Macellaio
itm_mackie_meat_cleaver_1_pl|Mannaia da Macellaio
itm_mackie_meat_cleaver_2|Mannaia da Macellaio
itm_mackie_meat_cleaver_2_pl|Mannaia da Macellaio
itm_mackie_meat_cleaver_3|Mannaia da Macellaio
itm_mackie_meat_cleaver_3_pl|Mannaia da Macellaio
itm_new_nightswatch_1|Corpetto di Pelle
itm_new_nightswatch_1_pl|Corpetto di Pelle
itm_new_nightswatch_1_cloak|Corpetto di Pelle
itm_new_nightswatch_1_cloak_pl|Corpetto di Pelle
itm_new_nightswatch_2|Corpetto di Pelle
itm_new_nightswatch_2_pl|Corpetto di Pelle
itm_new_nightswatch_2_cloak|Corpetto di Pelle
itm_new_nightswatch_2_cloak_pl|Corpetto di Pelle
itm_new_nightswatch_3|Usbergo di Maglia
itm_new_nightswatch_3_pl|Usbergo di Maglia
itm_new_nightswatch_3_cloak|Usbergo di Maglia
itm_new_nightswatch_3_cloak_pl|Usbergo di Maglia
itm_new_nightswatch_4|Armatura Lamellare
itm_new_nightswatch_4_pl|Armatura Lamellare
itm_new_nightswatch_4_cloak|Armatura Lamellare
itm_new_nightswatch_4_cloak_pl|Armatura Lamellare
itm_new_nightswatch_5|Armatura Leggera a Piastre
itm_new_nightswatch_5_pl|Armatura Leggera a Piastre
itm_new_nightswatch_5_cloak|Armatura Leggera a Piastre
itm_new_nightswatch_5_cloak_pl|Armatura Leggera a Piastre
itm_new_nightswatch_mance_rayder|Usbergo di Maglia
itm_new_nightswatch_mance_rayder_pl|Usbergo di Maglia
itm_aemons_robe|Veste da Maestro
itm_aemons_robe_pl|Veste da Maestro
itm_dedal_kufel|Boccale
itm_dedal_kufel_pl|Boccale
itm_dedal_lutnia|Liuto
itm_dedal_lutnia_pl|Liuto
itm_dedal_lira|Lira
itm_dedal_lira_pl|Lira
itm_awl_pike_a|Picca
itm_awl_pike_a_pl|Picca
itm_awl_pike_b|Picca
itm_awl_pike_b_pl|Picca
itm_dornish_cataphract_helmet|Elmo Intero
itm_dornish_cataphract_helmet_pl|Elmo Intero
itm_dornish_chain_fur_1|Elmo con Nasale
itm_dornish_chain_fur_1_pl|Elmo con Nasale
itm_dornish_chain_fur_2|Elmo con Nasale
itm_dornish_chain_fur_2_pl|Elmo con Nasale
itm_dornish_chain_fur_3|Elmo con Nasale
itm_dornish_chain_fur_3_pl|Elmo con Nasale
itm_dornish_turban|Copricapo di Stoffa
itm_dornish_turban_pl|Copricapo di Stoffa
itm_dornish_open_turban|Copricapo di Stoffa
itm_dornish_open_turban_pl|Copricapo di Stoffa
itm_dornish_turban_helmet_mail|Elmo Conico
itm_dornish_turban_helmet_mail_pl|Elmo Conico
itm_dornish_leather_helmet|Cappello di Pelle
itm_dornish_leather_helmet_pl|Cappello di Pelle
itm_dornish_chain_mail_1|Elmo Conico
itm_dornish_chain_mail_1_pl|Elmo Conico
itm_dornish_chain_mail_2|Elmo con Nasale
itm_dornish_chain_mail_2_pl|Elmo con Nasale
itm_dornish_chain_mail_3|Elmo con Nasale
itm_dornish_chain_mail_3_pl|Elmo con Nasale
itm_dornish_turban_helmet_2|Elmo Conico
itm_dornish_turban_helmet_2_pl|Elmo Conico
itm_dornish_turban_helmet_1|Elmo Conico
itm_dornish_turban_helmet_1_pl|Elmo Conico
itm_dornish_lamellar|Veste Lamellare
itm_dornish_lamellar_pl|Veste Lamellare
itm_dornish_scale|Usbergo a Scaglie
itm_dornish_scale_pl|Usbergo a Scaglie
itm_dornish_cavrobe_1|Usbergo di Maglia
itm_dornish_cavrobe_1_pl|Usbergo di Maglia
itm_dornish_chain_mail_shirt_3|Usbergo di Maglia
itm_dornish_chain_mail_shirt_3_pl|Usbergo di Maglia
itm_dornish_heavy_lamellar|Armatura Pesante Lamellare
itm_dornish_heavy_lamellar_pl|Armatura Pesante Lamellare
itm_dornish_leather_robe|Corpetto di Pelle
itm_dornish_leather_robe_pl|Corpetto di Pelle
itm_dornish_skirmisher|Tunica Imbottita
itm_dornish_skirmisher_pl|Tunica Imbottita
itm_broken_bottle|Bottiglia Rotta
itm_broken_bottle_pl|Bottiglia Rotta
itm_kuauik_padded_leather|Corpetto di Pelle
itm_kuauik_padded_leather_pl|Corpetto di Pelle
itm_kuauik_peasant_1|Tunica da Contadino
itm_kuauik_peasant_1_pl|Tunica da Contadino
itm_kuauik_peasant_2|Tunica da Contadino
itm_kuauik_peasant_2_pl|Tunica da Contadino
itm_kuauik_studded_leather_1|Corpetto di Pelle Borchiato
itm_kuauik_studded_leather_1_pl|Corpetto di Pelle Borchiato
itm_kuauik_studded_leather_2|Corpetto di Pelle Borchiato
itm_kuauik_studded_leather_2_pl|Corpetto di Pelle Borchiato
itm_kuauik_welsh_archer_1|Corpetto di Pelle Borchiato
itm_kuauik_welsh_archer_1_pl|Corpetto di Pelle Borchiato
itm_kuauik_welsh_archer_2|Corpetto di Pelle Borchiato
itm_kuauik_welsh_archer_2_pl|Corpetto di Pelle Borchiato
itm_kuauik_leather_tunic|Corpetto di Pelle
itm_kuauik_leather_tunic_pl|Corpetto di Pelle
itm_kuauik_dornish_leather_tunic_1|Corpetto di Pelle
itm_kuauik_dornish_leather_tunic_1_pl|Corpetto di Pelle
itm_kuauik_dornish_leather_tunic_2|Corpetto di Pelle
itm_kuauik_dornish_leather_tunic_2_pl|Corpetto di Pelle
itm_kuauik_dornish_studded_leather|Corpetto di Pelle Borchiato
itm_kuauik_dornish_studded_leather_pl|Corpetto di Pelle Borchiato
itm_kuauik_dornish_chain_mail|Usbergo di Maglia
itm_kuauik_dornish_chain_mail_pl|Usbergo di Maglia
itm_kuauik_gambeson|Farsetto d'Arme
itm_kuauik_gambeson_pl|Farsetto d'Arme
itm_kuauik_bulgar_armor|Armatura Lamellare
itm_kuauik_bulgar_armor_pl|Armatura Lamellare
itm_kuauik_bulgar_leather_armor|Corpetto di Pelle
itm_kuauik_bulgar_leather_armor_pl|Corpetto di Pelle
itm_kuauik_byz_footman_1|Usbergo di Maglia
itm_kuauik_byz_footman_1_pl|Usbergo di Maglia
itm_kuauik_byz_guard|Armatura Lamellare
itm_kuauik_byz_guard_pl|Armatura Lamellare
itm_kuauik_byz_leather|Corpetto di Pelle
itm_kuauik_byz_leather_pl|Corpetto di Pelle
itm_kuauik_padded_cloth|Usbergo di Maglia
itm_kuauik_padded_cloth_pl|Usbergo di Maglia
itm_kuauik_varangian_a|Armatura Lamellare
itm_kuauik_varangian_a_pl|Armatura Lamellare
itm_kuauik_norvos_guard|Corpetto di Pelle
itm_kuauik_norvos_guard_pl|Corpetto di Pelle
itm_kuauik_pentos_guard|Armatura Lamellare
itm_kuauik_pentos_guard_pl|Armatura Lamellare
itm_kuauik_volantis_guard|Armatura Lamellare
itm_kuauik_volantis_guard_pl|Armatura Lamellare
itm_kuauik_myr_guard|Armatura Lamellare
itm_kuauik_myr_guard_pl|Armatura Lamellare
itm_kuauik_surcoat_1|Cotta di Maglia con Surcotto
itm_kuauik_surcoat_1_pl|Cotta di Maglia con Surcotto
itm_kuauik_surcoat_2|Cotta di Maglia con Surcotto
itm_kuauik_surcoat_2_pl|Cotta di Maglia con Surcotto
itm_kuauik_surcoat_3|Cotta di Maglia con Surcotto
itm_kuauik_surcoat_3_pl|Cotta di Maglia con Surcotto
itm_kuauik_surcoat_4|Cotta di Maglia con Surcotto
itm_kuauik_surcoat_4_pl|Cotta di Maglia con Surcotto
itm_kuauik_surcoat_5|Cotta di Maglia con Surcotto
itm_kuauik_surcoat_5_pl|Cotta di Maglia con Surcotto
itm_kuauik_surcoat_6|Cotta di Maglia con Surcotto
itm_kuauik_surcoat_6_pl|Cotta di Maglia con Surcotto
itm_kuauik_surcoat_7|Cotta di Maglia con Surcotto di Jasper Rivers
itm_kuauik_surcoat_7_pl|Cotta di Maglia con Surcotto di Jasper Rivers
itm_kuauik_surcoat_8|Cotta di Maglia con Surcotto
itm_kuauik_surcoat_8_pl|Cotta di Maglia con Surcotto
itm_kuauik_surcoat_9|Cotta di Maglia con Surcotto
itm_kuauik_surcoat_9_pl|Cotta di Maglia con Surcotto
itm_kuauik_surcoat_10|Cotta di Maglia con Surcotto
itm_kuauik_surcoat_10_pl|Cotta di Maglia con Surcotto
itm_kuauik_surcoat_11|Cotta di Maglia con Surcotto
itm_kuauik_surcoat_11_pl|Cotta di Maglia con Surcotto
itm_surcoat_targaryen|Cotta di Maglia con Surcotto
itm_surcoat_targaryen_pl|Cotta di Maglia con Surcotto
itm_surcoat_golden_company|Maglia con Sopravveste
itm_surcoat_golden_company_pl|Maglia con Sopravveste
itm_tournament_yellow_surcoat|Cotta di Maglia con Surcotto
itm_tournament_yellow_surcoat_pl|Cotta di Maglia con Surcotto
itm_tournament_white_surcoat|Cotta di Maglia con Surcotto
itm_tournament_white_surcoat_pl|Cotta di Maglia con Surcotto
itm_tournament_red_surcoat|Cotta di Maglia con Surcotto
itm_tournament_red_surcoat_pl|Cotta di Maglia con Surcotto
itm_tournament_surcoat_blue|Cotta di Maglia con Surcotto
itm_tournament_surcoat_blue_pl|Cotta di Maglia con Surcotto
itm_surcoat_new_lannister|Cotta di Maglia con Surcotto
itm_surcoat_new_lannister_pl|Cotta di Maglia con Surcotto
itm_surcoat_new_morrigen|Cotta di Maglia con Surcotto
itm_surcoat_new_morrigen_pl|Cotta di Maglia con Surcotto
itm_surcoat_new_florent|Cotta di Maglia con Surcotto
itm_surcoat_new_florent_pl|Cotta di Maglia con Surcotto
itm_surcoat_new_tarth|Cotta di Maglia con Surcotto
itm_surcoat_new_tarth_pl|Cotta di Maglia con Surcotto
itm_surcoat_longbow_hall|Cotta di Maglia con Surcotto
itm_surcoat_longbow_hall_pl|Cotta di Maglia con Surcotto
itm_surcoat_white_harbor|Cotta di Maglia con Surcotto
itm_surcoat_white_harbor_pl|Cotta di Maglia con Surcotto
itm_surcoat_driftmark|Cotta di Maglia con Surcotto
itm_surcoat_driftmark_pl|Cotta di Maglia con Surcotto
itm_surcoat_massey|Cotta di Maglia con Surcotto
itm_surcoat_massey_pl|Cotta di Maglia con Surcotto
itm_surcoat_qorgyle|Cotta di Maglia con Surcotto
itm_surcoat_qorgyle_pl|Cotta di Maglia con Surcotto
itm_surcoat_oldtown|Cotta di Maglia con Surcotto
itm_surcoat_oldtown_pl|Cotta di Maglia con Surcotto
itm_surcoat_hellholt|Cotta di Maglia con Surcotto
itm_surcoat_hellholt_pl|Cotta di Maglia con Surcotto
itm_trial_surcoat|Cotta di Maglia con Surcotto di Tollett
itm_trial_surcoat_pl|Cotta di Maglia con Surcotto di Tollett
itm_trial_shield|Scudo a Goccia di Tollett
itm_trial_shield_pl|Scudo a Goccia di Tollett
itm_trial_boots|Gambiere di Maglia Steccate
itm_trial_boots_pl|Gambiere di Maglia Steccate
itm_trial_gloves|Guanti di Maglia
itm_trial_gloves_pl|Guanti di Maglia
itm_trial_helm|Elmo con Visiera
itm_trial_helm_pl|Elmo con Visiera
itm_trial_sword|Spada d'Armi
itm_trial_sword_pl|Spada d'Armi
itm_brawl_senlac|Spada d'Armi
itm_brawl_senlac_pl|Spada d'Armi
itm_we_nor_axe_throw_light|Ascie da Lancio
itm_we_nor_axe_throw_light_pl|Ascie da Lancio
itm_we_nor_axe_throw_light_melee|Ascie da Lancio
itm_we_nor_axe_throw_light_melee_pl|Ascie da Lancio
itm_robert_baratheons_helmet|Grande Elmo di Robert Baratheon
itm_robert_baratheons_helmet_pl|Grande Elmo di Robert Baratheon
itm_fi_tourney_helmet_1|Elmo da Torneo Decorato
itm_fi_tourney_helmet_1_pl|Elmo da Torneo Decorato
itm_fi_greathelmet_1|Elmo da Torneo Decorato
itm_fi_greathelmet_1_pl|Elmo da Torneo Decorato
itm_fi_armet_2|Elmo da Torneo Decorato
itm_fi_armet_2_pl|Elmo da Torneo Decorato
itm_crown_sallet|Celata con Corona
itm_crown_sallet_pl|Celata con Corona
itm_crown_coif|Calotta di Maglia con Corona
itm_crown_coif_pl|Calotta di Maglia con Corona
itm_nord_coat_of_plates|Armatura di Pelle Pesante
itm_nord_coat_of_plates_pl|Armatura di Pelle Pesante
itm_nord_coat_of_plates_pelt|Armatura di Pelle Pesante
itm_nord_coat_of_plates_pelt_pl|Armatura di Pelle Pesante
itm_fi_lance|Lancia da giostra da Tornero
itm_fi_lance_pl|Lancia da giostra da Tornero
itm_bb_rus_pike|Lancia da giostra da Guerra
itm_bb_rus_pike_pl|Lancia da giostra da Guerra
itm_sipahi_jawshan|Armatura Pesante a Piastre
itm_sipahi_jawshan_pl|Armatura Pesante a Piastre
itm_peltastos_armor|Farsetto d'Arme
itm_peltastos_armor_pl|Farsetto d'Arme
itm_mongolian_helmet|Elmo Cilindro
itm_mongolian_helmet_pl|Elmo Cilindro
itm_jack_boots_unsullied|Scarpe da Immacolato
itm_jack_boots_unsullied_pl|Scarpe da Immacolato
itm_jack_armour_unsullied|Tunica da Immacolato
itm_jack_armour_unsullied_pl|Tunica da Immacolato
itm_jack_helmet_unsullied|Elmo da Immacolato
itm_jack_helmet_unsullied_pl|Elmo da Immacolato
itm_jack_helmet_burgonet|Borgognotta
itm_jack_helmet_burgonet_pl|Borgognotta
itm_jack_helmet_burgonet_iron|Borgognotta
itm_jack_helmet_burgonet_iron_pl|Borgognotta
itm_unsullied_shield|Scudo da Immacolato
itm_unsullied_shield_pl|Scudo da Immacolato
itm_pretender_vezenkor|Armatura Lamellare Costosa
itm_pretender_vezenkor_pl|Armatura Lamellare Costosa
itm_pretender_yara|Usbergo di Maglia
itm_pretender_yara_pl|Usbergo di Maglia
itm_pretender_laros|Cotta di Maglia con Surcotto
itm_pretender_laros_pl|Cotta di Maglia con Surcotto
itm_pretender_assadora|Armatura Lamellare
itm_pretender_assadora_pl|Armatura Lamellare
itm_pretender_sarella|Cotta di Maglia con Surcotto
itm_pretender_sarella_pl|Cotta di Maglia con Surcotto
itm_pretender_shiera|Armatura Lamellare Costosa
itm_pretender_shiera_pl|Armatura Lamellare Costosa
itm_rathos_lamellar_armor_2|Armatura Lamellare Costosa
itm_rathos_lamellar_armor_2_pl|Armatura Lamellare Costosa
itm_low_tier_sword_1|Spada d'Armi
itm_low_tier_sword_1_pl|Spada d'Armi
itm_medium_tier_sword_1|Spada d'Armi
itm_medium_tier_sword_1_pl|Spada d'Armi
itm_medium_tier_sword_2|Spada d'Armi
itm_medium_tier_sword_2_pl|Spada d'Armi
itm_medium_tier_sword_3|Spada d'Armi
itm_medium_tier_sword_3_pl|Spada d'Armi
itm_high_tier_sword_1|Spada d'Armi in Acciaio Forgiato
itm_high_tier_sword_1_pl|Spada d'Armi in Acciaio Forgiato
itm_high_tier_sword_2|Spada d'Armi in Acciaio Forgiato
itm_high_tier_sword_2_pl|Spada d'Armi in Acciaio Forgiato
itm_low_tier_saber_1|Spada Curva
itm_low_tier_saber_1_pl|Spada Curva
itm_medium_tier_saber_1|Spada Curva
itm_medium_tier_saber_1_pl|Spada Curva
itm_high_tier_saber_1|Spada Curva in Acciaio Forgiato
itm_high_tier_saber_1_pl|Spada Curva in Acciaio Forgiato
itm_high_tier_saber_2|Spada Curva in Acciaio Forgiato
itm_high_tier_saber_2_pl|Spada Curva in Acciaio Forgiato
itm_we_rho_sword_rondeldagger|Spada corta
itm_we_rho_sword_rondeldagger_pl|Spada corta
itm_sword_rusty_a|Spada Arrugginita
itm_sword_rusty_a_pl|Spada Arrugginita
itm_loki_sword|Spada d'Armi Vecchia
itm_loki_sword_pl|Spada d'Armi Vecchia
itm_orphanmaker|Orphan-Maker
itm_orphanmaker_pl|Orphan-Maker
itm_sword_repent|Sorella Oscura
itm_sword_repent_pl|Sorella Oscura
itm_dragonstone_mailed|Usbergo di Maglia
itm_dragonstone_mailed_pl|Usbergo di Maglia
itm_dragonstone_plate2|Armatura Leggera a Piastre
itm_dragonstone_plate2_pl|Armatura Leggera a Piastre
itm_dragonstone_lord|Armatura Leggera a Piastre
itm_dragonstone_lord_pl|Armatura Leggera a Piastre
itm_dragonstone_padded1|Veste Imbottita
itm_dragonstone_padded1_pl|Veste Imbottita
itm_dragonstone_padded2|Veste Imbottita
itm_dragonstone_padded2_pl|Veste Imbottita
itm_dragonstone_court_davos|Veste Imbottita
itm_dragonstone_court_davos_pl|Veste Imbottita
itm_dragonstone_court_matthos|Veste Imbottita
itm_dragonstone_court_matthos_pl|Veste Imbottita
itm_dragonstone_gendry|Veste Imbottita
itm_dragonstone_gendry_pl|Veste Imbottita
itm_dragonstone_court_gendry|Veste Imbottita
itm_dragonstone_court_gendry_pl|Veste Imbottita
itm_dragonstone_archer_helm|Calotta
itm_dragonstone_archer_helm_pl|Calotta
itm_dragonstone_davos_battle|Veste Imbottita
itm_dragonstone_davos_battle_pl|Veste Imbottita
itm_dragonstone_matthos_battle|Veste Imbottita
itm_dragonstone_matthos_battle_pl|Veste Imbottita
itm_dragonstone_archer_helm_burgonet|Borgognotta
itm_dragonstone_archer_helm_burgonet_pl|Borgognotta
itm_mackie_falchion01|Falcione
itm_mackie_falchion01_pl|Falcione
itm_mackie_falchion03|Falcione
itm_mackie_falchion03_pl|Falcione
itm_mackie_cutlass|Falcione
itm_mackie_cutlass_pl|Falcione
itm_stormlands_hammer_event|Martello da Guerra
itm_stormlands_hammer_event_pl|Martello da Guerra
itm_stormlands_hammer|Martello da Guerra
itm_stormlands_hammer_pl|Martello da Guerra
itm_stormlands_two_handed_hammer|Martello da Guerra a Due Mani
itm_stormlands_two_handed_hammer_pl|Martello da Guerra a Due Mani
itm_sellsword_club|Mazza Chiodata
itm_sellsword_club_pl|Mazza Chiodata
itm_sellsword_iron_club|Mazza di Ferro
itm_sellsword_iron_club_pl|Mazza di Ferro
itm_necturus_item_buckler_1|Scudo Brocchiero
itm_necturus_item_buckler_1_pl|Scudo Brocchiero
itm_necturus_item_buckler_2|Scudo Brocchiero
itm_necturus_item_buckler_2_pl|Scudo Brocchiero
itm_necturus_item_buckler_3|Scudo Brocchiero
itm_necturus_item_buckler_3_pl|Scudo Brocchiero
itm_ar_sar_t7_fullplate_a|Tunica da Nobile del Clan
itm_ar_sar_t7_fullplate_a_pl|Tunica da Nobile del Clan
itm_ar_rho_shi_capegreen|Tunica da Nobile del Clan
itm_ar_rho_shi_capegreen_pl|Tunica da Nobile del Clan
itm_he_vae_t1_noble_a|Cappello da Nobile
itm_he_vae_t1_noble_a_pl|Cappello da Nobile
itm_he_pla_pri_priestcoif|Calotta da Nobile
itm_he_pla_pri_priestcoif_pl|Calotta da Nobile
itm_vale_lord_1|Tunica da Nobile di Braavos
itm_vale_lord_1_pl|Tunica da Nobile di Braavos
itm_vale_lord_2|Tunica da Nobile di Braavos
itm_vale_lord_2_pl|Tunica da Nobile di Braavos
itm_fat_wyman_style|Tunica da Nobile Grasso
itm_fat_wyman_style_pl|Tunica da Nobile Grasso
itm_heraldic_padded_cloth|Farsetto d'Arme Araldico Nobile
itm_heraldic_padded_cloth_pl|Farsetto d'Arme Araldico Nobile
itm_noblemans_leather_tunic_1|Tunica da Nobile in Pelle
itm_noblemans_leather_tunic_1_pl|Tunica da Nobile in Pelle
itm_noblemans_leather_tunic_2|Tunica da Nobile in Pelle
itm_noblemans_leather_tunic_2_pl|Tunica da Nobile in Pelle
itm_noblemans_leather_tunic_3|Tunica da Nobile in Pelle
itm_noblemans_leather_tunic_3_pl|Tunica da Nobile in Pelle
itm_noblemans_leather_tunic_4|Tunica da Nobile in Pelle
itm_noblemans_leather_tunic_4_pl|Tunica da Nobile in Pelle
itm_noblemans_leather_tunic_5|Tunica da Nobile in Pelle
itm_noblemans_leather_tunic_5_pl|Tunica da Nobile in Pelle
itm_noblemans_gambeson_1|Farsetto d'Arme da Nobile
itm_noblemans_gambeson_1_pl|Farsetto d'Arme da Nobile
itm_noblemans_gambeson_2|Farsetto d'Arme da Nobile
itm_noblemans_gambeson_2_pl|Farsetto d'Arme da Nobile
itm_noblemans_gambeson_3|Farsetto d'Arme da Nobile
itm_noblemans_gambeson_3_pl|Farsetto d'Arme da Nobile
itm_noblemans_tunic_4|Tunica da Nobile
itm_noblemans_tunic_4_pl|Tunica da Nobile
itm_noblemans_tunic_5|Tunica da Nobile
itm_noblemans_tunic_5_pl|Tunica da Nobile
itm_noblemans_tunic_6|Tunica da Nobile
itm_noblemans_tunic_6_pl|Tunica da Nobile
itm_noblemans_tunic_7|Tunica di Davos
itm_noblemans_tunic_7_pl|Tunica di Davos
itm_noblemans_tunic_8|Tunica da Nobile
itm_noblemans_tunic_8_pl|Tunica da Nobile
itm_noblemans_aketon|Gambesone da Nobile
itm_noblemans_aketon_pl|Gambesone da Nobile
itm_noblemans_kaftan|Kaftan da Nobile
itm_noblemans_kaftan_pl|Kaftan da Nobile
itm_kuauik_norvoshi_style_1|Kaftan da Nobile
itm_kuauik_norvoshi_style_1_pl|Kaftan da Nobile
itm_pentoshi_style_1|Kaftan da Nobile
itm_pentoshi_style_1_pl|Kaftan da Nobile
itm_kuauik_volantis_style_1|Veste da Nobile
itm_kuauik_volantis_style_1_pl|Veste da Nobile
itm_kuauik_volantis_style_2|Veste da Nobile
itm_kuauik_volantis_style_2_pl|Veste da Nobile
itm_kuauik_volantis_style_3|Veste da Nobile
itm_kuauik_volantis_style_3_pl|Veste da Nobile
itm_kuauik_volantis_style_4|Veste da Nobile
itm_kuauik_volantis_style_4_pl|Veste da Nobile
itm_kuauik_volantis_style_5|Veste da Nobile
itm_kuauik_volantis_style_5_pl|Veste da Nobile
itm_andal_nobleman_coat_1|Veste da Nobili Andali
itm_andal_nobleman_coat_1_pl|Veste da Nobili Andali
itm_nobleman_f_outfit_rugged_1|Veste da Nobile Indurita
itm_nobleman_f_outfit_rugged_1_pl|Veste da Nobile Indurita
itm_nobleman_f_outfit_rugged_2|Veste da Nobile Indurita
itm_nobleman_f_outfit_rugged_2_pl|Veste da Nobile Indurita
itm_nobleman_f_outfit_rugged_3|Veste da Nobile Indurita
itm_nobleman_f_outfit_rugged_3_pl|Veste da Nobile Indurita
itm_nobleman_f_outfit_robeish_1|Veste da Nobile
itm_nobleman_f_outfit_robeish_1_pl|Veste da Nobile
itm_nobleman_f_outfit_robeish_2|Veste da Nobile
itm_nobleman_f_outfit_robeish_2_pl|Veste da Nobile
itm_nobleman_f_outfit_vale_1|Farsetto da Nobile
itm_nobleman_f_outfit_vale_1_pl|Farsetto da Nobile
itm_nobleman_f_outfit_vale_2|Farsetto da Nobile
itm_nobleman_f_outfit_vale_2_pl|Farsetto da Nobile
itm_nobleman_f_outfit_reach_1|Farsetto da Nobile
itm_nobleman_f_outfit_reach_1_pl|Farsetto da Nobile
itm_nobleman_f_outfit_reach_2|Farsetto da Nobile
itm_nobleman_f_outfit_reach_2_pl|Farsetto da Nobile
itm_nobleman_f_outfit_reach_3|Farsetto da Nobile
itm_nobleman_f_outfit_reach_3_pl|Farsetto da Nobile
itm_nobleman_f_sealord|Farsetto da Nobile
itm_nobleman_f_sealord_pl|Farsetto da Nobile
itm_nobleman_f_outfit_1|Farsetto da Nobile
itm_nobleman_f_outfit_1_pl|Farsetto da Nobile
itm_nobleman_f_outfit_2|Farsetto da Nobile
itm_nobleman_f_outfit_2_pl|Farsetto da Nobile
itm_nobleman_f_outfit_3|Farsetto da Nobile
itm_nobleman_f_outfit_3_pl|Farsetto da Nobile
itm_nobleman_f_outfit_4|Farsetto da Nobile
itm_nobleman_f_outfit_4_pl|Farsetto da Nobile
itm_nobleman_f_outfit_5|Farsetto da Nobile
itm_nobleman_f_outfit_5_pl|Farsetto da Nobile
itm_nobleman_f_outfit_6|Farsetto da Nobile
itm_nobleman_f_outfit_6_pl|Farsetto da Nobile
itm_nobleman_f_outfit_7|Farsetto da Nobile
itm_nobleman_f_outfit_7_pl|Farsetto da Nobile
itm_nobleman_f_outfit_8|Farsetto da Nobile
itm_nobleman_f_outfit_8_pl|Farsetto da Nobile
itm_nobleman_f_outfit_9|Farsetto da Nobile
itm_nobleman_f_outfit_9_pl|Farsetto da Nobile
itm_nobleman_f_outfit_10|Farsetto da Nobile
itm_nobleman_f_outfit_10_pl|Farsetto da Nobile
itm_nobleman_f_outfit_11|Farsetto da Nobile
itm_nobleman_f_outfit_11_pl|Farsetto da Nobile
itm_nobleman_f_outfit_12|Farsetto da Nobile
itm_nobleman_f_outfit_12_pl|Farsetto da Nobile
itm_nobleman_f_outfit_13|Farsetto da Nobile
itm_nobleman_f_outfit_13_pl|Farsetto da Nobile
itm_nobleman_f_outfit_14|Farsetto da Nobile
itm_nobleman_f_outfit_14_pl|Farsetto da Nobile
itm_helmet_f_black_1|Cappello da Nobile
itm_helmet_f_black_1_pl|Cappello da Nobile
itm_helmet_f_black_2|Cappello da Nobile
itm_helmet_f_black_2_pl|Cappello da Nobile
itm_helmet_f_black_3|Cappello da Nobile
itm_helmet_f_black_3_pl|Cappello da Nobile
itm_helmet_f_black_4|Cappello da Nobile
itm_helmet_f_black_4_pl|Cappello da Nobile
itm_helmet_f_black_5|Cappello da Nobile
itm_helmet_f_black_5_pl|Cappello da Nobile
itm_helmet_f_black_6|Cappello da Nobile
itm_helmet_f_black_6_pl|Cappello da Nobile
itm_helmet_f_red_1|Cappello da Nobile
itm_helmet_f_red_1_pl|Cappello da Nobile
itm_helmet_f_leather_1|Cappello da Nobile
itm_helmet_f_leather_1_pl|Cappello da Nobile
itm_helmet_f_leather_2|Cappello da Nobile
itm_helmet_f_leather_2_pl|Cappello da Nobile
itm_helmet_f_leather_3|Cappello da Nobile
itm_helmet_f_leather_3_pl|Cappello da Nobile
itm_helmet_f_leather_4|Cappello da Nobile
itm_helmet_f_leather_4_pl|Cappello da Nobile
itm_helmet_f_leather_5|Cappello da Nobile
itm_helmet_f_leather_5_pl|Cappello da Nobile
itm_helmet_f_leather_6|Cappello da Nobile
itm_helmet_f_leather_6_pl|Cappello da Nobile
itm_nobleman_f_shoes_1|Scarpe di Cuoio
itm_nobleman_f_shoes_1_pl|Scarpe di Cuoio
itm_nobleman_f_shoes_2|Scarpe di Cuoio
itm_nobleman_f_shoes_2_pl|Scarpe di Cuoio
itm_nobleman_f_shoes_3|Scarpe di Cuoio
itm_nobleman_f_shoes_3_pl|Scarpe di Cuoio
itm_nobleman_f_shoes_4|Scarpe di Cuoio
itm_nobleman_f_shoes_4_pl|Scarpe di Cuoio
itm_nobleman_f_shoes_5|Scarpe di Cuoio
itm_nobleman_f_shoes_5_pl|Scarpe di Cuoio
itm_nobleman_f_shoes_6|Scarpe di Cuoio
itm_nobleman_f_shoes_6_pl|Scarpe di Cuoio
itm_lysa_style_2|Vestito da Corte Nordico
itm_lysa_style_2_pl|Vestito da Corte Nordico
itm_lysa_style_3|Vestito da Corte Nordico
itm_lysa_style_3_pl|Vestito da Corte Nordico
itm_lysa_style_4|Vestito da Corte Nordico
itm_lysa_style_4_pl|Vestito da Corte Nordico
itm_lysa_style_5|Vestito da Corte di Lysa
itm_lysa_style_5_pl|Vestito da Corte di Lysa
itm_barkeeper_1|Vestito da Contadino
itm_barkeeper_1_pl|Vestito da Contadino
itm_sansa_style_1|Vestito da Corte Uomo del Sud
itm_sansa_style_1_pl|Vestito da Corte Uomo del Sud
itm_sansa_style_2|Vestito da Corte Uomo del Sud
itm_sansa_style_2_pl|Vestito da Corte Uomo del Sud
itm_sansa_style_3|Vestito da Corte Uomo del Sud
itm_sansa_style_3_pl|Vestito da Corte Uomo del Sud
itm_sansa_style_4|Vestito da Corte Uomo del Sud
itm_sansa_style_4_pl|Vestito da Corte Uomo del Sud
itm_sansa_style_5|Vestito da Corte Uomo del Sud
itm_sansa_style_5_pl|Vestito da Corte Uomo del Sud
itm_sansa_style_6|Vestito da Corte Uomo del Sud
itm_sansa_style_6_pl|Vestito da Corte Uomo del Sud
itm_sansa_style_7|Vestito da Corte di Sansa
itm_sansa_style_7_pl|Vestito da Corte di Sansa
itm_dornish_1|Vestito da Corte di Dorne
itm_dornish_1_pl|Vestito da Corte di Dorne
itm_dornish_2|Vestito da Corte di Dorne
itm_dornish_2_pl|Vestito da Corte di Dorne
itm_dornish_3|Vestito da Corte di Dorne
itm_dornish_3_pl|Vestito da Corte di Dorne
itm_dornish_4|Vestito da Corte di Dorne
itm_dornish_4_pl|Vestito da Corte di Dorne
itm_dornish_5|Vestito da Corte di Dorne
itm_dornish_5_pl|Vestito da Corte di Dorne
itm_cersei_style_1|Vestito da Corte Uomo del Sud
itm_cersei_style_1_pl|Vestito da Corte Uomo del Sud
itm_cersei_style_2|Vestito da Corte Uomo del Sud
itm_cersei_style_2_pl|Vestito da Corte Uomo del Sud
itm_cersei_style_3|Vestito da Corte Uomo del Sud
itm_cersei_style_3_pl|Vestito da Corte Uomo del Sud
itm_cersei_style_4|Vestito da Corte di Cersei
itm_cersei_style_4_pl|Vestito da Corte di Cersei
itm_margaery_style_1|Vestito da Corte Uomo del Sud
itm_margaery_style_1_pl|Vestito da Corte Uomo del Sud
itm_margaery_style_2|Vestito da Corte Uomo del Sud
itm_margaery_style_2_pl|Vestito da Corte Uomo del Sud
itm_margaery_style_3|Vestito da Corte Uomo del Sud
itm_margaery_style_3_pl|Vestito da Corte Uomo del Sud
itm_margaery_style_4|Vestito da Corte di Margaery
itm_margaery_style_4_pl|Vestito da Corte di Margaery
itm_margaery_style_5|Vestito da Corte Uomo del Sud
itm_margaery_style_5_pl|Vestito da Corte Uomo del Sud
itm_margaery_style_6|Vestito da Corte Uomo del Sud
itm_margaery_style_6_pl|Vestito da Corte Uomo del Sud
itm_ga_swa_a2_leather|BUGGED ITEM
itm_ga_swa_a2_leather_pl|BUGGED ITEM
itm_we_vae_bow_hunting|BUGGED ITEM
itm_we_vae_bow_hunting_pl|BUGGED ITEM
itm_we_khe_bow_red|BUGGED ITEM
itm_we_khe_bow_red_pl|BUGGED ITEM
itm_arena_shield_red|BUGGED ITEM
itm_arena_shield_red_pl|BUGGED ITEM
itm_arena_lance|BUGGED ITEM
itm_arena_lance_pl|BUGGED ITEM
itm_ar_swa_ban_scale_a|BUGGED ITEM
itm_ar_swa_ban_scale_a_pl|BUGGED ITEM
; itm_grenade_fragments|Wildfire Pot Fragments
; itm_grenade_fragments_pl|Wildfire Pot Fragments
itm_player_grenade|Ampolla di Altofuoco
itm_player_grenade_pl|Ampolla di Altofuoco
itm_gold_cloak_grenade|Ampolla di Altofuoco
itm_gold_cloak_grenade_pl|Ampolla di Altofuoco
itm_items_end|Items End
itm_items_end_pl|Items End
