hint_1|Puedes cambiar varias características del mod A Clash of Kings accediendo al menú de Opciones del Mod, ubicado en el menú Acampar.
hint_2|Puedes cambiar varias características del mod A Clash of Kings accediendo al menú de Opciones del Mod, ubicado en el menú Acampar.
hint_3|Puedes cambiar varias características del mod A Clash of Kings accediendo al menú de Opciones del Mod, ubicado en el menú Acampar.
hint_4|Puedes cambiar varias características del mod A Clash of Kings accediendo al menú de Opciones del Mod, ubicado en el menú Acampar.
hint_5|Puedes cambiar varias características del mod A Clash of Kings accediendo al menú de Opciones del Mod, ubicado en el menú Acampar.
hint_6|Puedes cambiar varias características del mod A Clash of Kings accediendo al menú de Opciones del Mod, ubicado en el menú Acampar.
hint_7|Puedes cambiar varias características del mod A Clash of Kings accediendo al menú de Opciones del Mod, ubicado en el menú Acampar.
hint_8|Puedes cambiar varias características del mod A Clash of Kings accediendo al menú de Opciones del Mod, ubicado en el menú Acampar.
hint_9|Puedes cambiar varias características del mod A Clash of Kings accediendo al menú de Opciones del Mod, ubicado en el menú Acampar.
hint_10|Puedes cambiar varias características del mod A Clash of Kings accediendo al menú de Opciones del Mod, ubicado en el menú Acampar.
hint_11|Puedes cambiar varias características del mod A Clash of Kings accediendo al menú de Opciones del Mod, ubicado en el menú Acampar.
hint_12|Puedes cambiar varias características del mod A Clash of Kings accediendo al menú de Opciones del Mod, ubicado en el menú Acampar.
