itm_no_item|OBJET INVALIDE
itm_no_item_pl|OBJETS INVALIDES
itm_tutorial_spear|Lance
itm_tutorial_spear_pl|Lances
itm_tutorial_club|Gourdin
itm_tutorial_club_pl|Gourdins
itm_tutorial_battle_axe|Hache de combat
itm_tutorial_battle_axe_pl|Haches de combat
itm_tutorial_arrows|Flèches
itm_tutorial_arrows_pl|Flèches
itm_tutorial_bolts|Carreaux
itm_tutorial_bolts_pl|Carreaux
itm_tutorial_short_bow|Arc court
itm_tutorial_short_bow_pl|Arcs courts
itm_tutorial_crossbow|Arbalète
itm_tutorial_crossbow_pl|Arbalètes
itm_tutorial_throwing_daggers|Dagues de jet
itm_tutorial_throwing_daggers_pl|Dagues de jet
itm_tutorial_saddle_horse|Cheval de selle
itm_tutorial_saddle_horse_pl|Chevaux de selle
itm_tutorial_shield|Grand écu
itm_tutorial_shield_pl|Grands écus
itm_tutorial_staff_no_attack|Bâton
itm_tutorial_staff_no_attack_pl|Bâtons
itm_tutorial_staff|Bâton
itm_tutorial_staff_pl|Bâtons
itm_tutorial_sword|Épée
itm_tutorial_sword_pl|Épées
itm_tutorial_axe|Hache
itm_tutorial_axe_pl|Haches
itm_tutorial_dagger|Dague
itm_tutorial_dagger_pl|Dagues
itm_horse_meat|Viande de cheval
itm_horse_meat_pl|Viandes de cheval
itm_practice_lance|Lance d'entraînement
itm_practice_lance_pl|Lances d'entraînement
itm_practice_axe|Hache d'entraînement
itm_practice_axe_pl|Haches d'entraînement
itm_practice_dagger|Dague d'entraînement
itm_practice_dagger_pl|Dagues d'entraînement
itm_practice_staff|Bâton d'entraînement
itm_practice_staff_pl|Bâtons d'entraînement
itm_practice_sword|Épée d'entraînement
itm_practice_sword_pl|Épées d'entraînement
itm_practice_sword_heavy|Masse d'entraînement
itm_practice_sword_heavy_pl|Masses d'entraînement
itm_practice_arrows|Epée d'entraînement
itm_practice_arrows_pl|Epées d'entraînement
itm_practice_arrows_10_amount|Epée  d'entraînement
itm_practice_arrows_10_amount_pl|Epées d'entraînement
itm_practice_arrows_100_amount|Epée d'entraînement
itm_practice_arrows_100_amount_pl|Epées d'entraînement
itm_practice_bolts|Epée d'entraînement
itm_practice_bolts_pl|Epées d'entraînement
itm_practice_bolts_9_amount|Masse d'entraînement
itm_practice_bolts_9_amount_pl|Masses d'entraînement
itm_practice_bow|Lance de tournoi
itm_practice_bow_pl|Lances de tournoi
itm_practice_crossbow| Lance de tournoi
itm_practice_crossbow_pl| Lances de tournoi
itm_practice_javelin|Lance de tournoi
itm_practice_javelin_pl|Lances de tournoi
itm_practice_javelin_melee| Lance de tournoi
itm_practice_javelin_melee_pl|Lances de tournoi
itm_practice_throwing_daggers|Masse de tournoi
itm_practice_throwing_daggers_pl|Masses de tournoi
itm_practice_throwing_daggers_100_amount|Masse de tournoi
itm_practice_throwing_daggers_100_amount_pl|Masses de tournoi
itm_practice_boots|Bottes d'entraînement
itm_practice_boots_pl|Bottes d'entraînement
itm_practice_horse|Cheval d'entraînement
itm_practice_horse_pl|Chevaux d'entraînement
itm_practice_shield|Bouclier d'entraînement
itm_practice_shield_pl|Boucliers d'entraînement
itm_book_tactics|Un Abrégé sur les Rébellions Blackfyre
itm_book_tactics_pl|Un Abrégé sur les Rébellions Blackfyre
itm_book_persuasion|La conquête de Dorne
itm_book_persuasion_pl|La conquête de Dorne
itm_book_leadership|La vie de Aegon le Conquérant
itm_book_leadership_pl|La vie de Aegon le Conquérant
itm_book_intelligence|Essais sur la Logique par le Grand Maester Gerardys
itm_book_intelligence_pl|Essais sur la Logique par le Grand Maester Gerardys
itm_book_trade|Un Traité sur la Banque de Braavos (Iron)
itm_book_trade_pl|Un Traité sur la Banque de Braavos (Iron)
itm_book_weapon_mastery|De l'Art de Combattre à l'Épée
itm_book_weapon_mastery_pl|De l'Art de Combattre à l'Épée
itm_book_engineering|La guerre des Puissants Volantene
itm_book_engineering_pl|La guerre des Puissants Volantene
itm_book_necronomicon|Le Grand Livre de la Magie
itm_book_necronomicon_pl|Le Grand Livre de la Magie
itm_book_bible|L'Etoile des Seven-Pointed
itm_book_bible_pl|L'Etoile des Seven-Pointed
itm_book_prisoner_management|Le Journal de Gralmaq Mo Eraz
itm_book_prisoner_management_pl|Le Journal de Gralmaq Mo Eraz
itm_book_spotting_reference|Les Miracles Faits par l'Homme
itm_book_spotting_reference_pl|Les Miracles Faits par l'Homme
itm_book_first_aid_reference|Un  Traité Court sur la Grande Maladie Printanière
itm_book_first_aid_reference_pl|Un  Traité Court sur la Grande Maladie Printanière
itm_book_pathfinding_reference|Carte du Monde Connu
itm_book_pathfinding_reference_pl|Carte du Monde Connu
itm_book_wound_treatment_reference|Traité de Médecine
itm_book_wound_treatment_reference_pl|Traité de Médecine
itm_book_training_reference|Manuel d'Armes
itm_book_training_reference_pl|Manuel d'Armes
itm_book_surgery_reference|Sur la Citadelle et la Chirurgie
itm_book_surgery_reference_pl|Sur la Citadelle et la chirurgie
itm_book_trade_ledger|Grand livre des Marchands 
itm_book_trade_ledger_pl|Grands Livres des marchands
itm_trade_spice|Jarre d'épices
itm_trade_spice_pl|Jarre d'épices
itm_trade_salt|Sac de sel 
itm_trade_salt_pl|Sac de sel
itm_trade_oil|Jarre d'huile 
itm_trade_oil_pl|Jarre d'huile
itm_trade_pottery|poterie
itm_trade_pottery_pl|poterie
itm_trade_raw_flax|Lot de lin
itm_trade_raw_flax_pl|Lots de lin
; itm_trade_linen|Linen Bundle
; itm_trade_linen_pl|Linen Bundle
; itm_trade_wool|Bag of Raw Wool
; itm_trade_wool_pl|Bag of Raw Wool
itm_trade_wool_cloth|Etoffe de laine
itm_trade_wool_cloth_pl|Etoffe de laine
itm_trade_raw_silk|Soie grège
itm_trade_raw_silk_pl|Soie grège
itm_trade_raw_dyes|Bol de teintures
itm_trade_raw_dyes_pl|Bol de teintures
itm_trade_velvet|Paquet de velour
itm_trade_velvet_pl|Paquet de velour
; itm_trade_iron|Iron Bar
; itm_trade_iron_pl|Iron Bar
itm_trade_tools|outils
itm_trade_tools_pl|outils
itm_trade_raw_leather|peaux
itm_trade_raw_leather_pl|peaux
itm_trade_leatherwork|maroquinerie
itm_trade_leatherwork_pl|maroquinerie
itm_trade_raw_date_fruit|Datte
itm_trade_raw_date_fruit_pl|Dattes
; itm_trade_furs|Fur Bundle
; itm_trade_furs_pl|Fur Bundle
; itm_trade_wine|Jar of Wine
; itm_trade_wine_pl|Jar of Wine
; itm_trade_ale|Barrel of Ale
; itm_trade_ale_pl|Barrel of Ale
; itm_market_gold_chalice|Gold Chalice
; itm_market_gold_chalice_pl|Gold Chalice
; itm_market_lemon_basket|Basket of Lemons
; itm_market_lemon_basket_pl|Basket of Lemons
; itm_market_plum_basket|Basket of Plums
; itm_market_plum_basket_pl|Basket of Plums
; itm_market_dornish_wine|Crate of Dornish Wine
; itm_market_dornish_wine_pl|Crate of Dornish Wine
; itm_market_pear_basket|Basket of Pears
; itm_market_pear_basket_pl|Basket of Pears
; itm_market_apple_basket|Basket of Apples
; itm_market_apple_basket_pl|Basket of Apples
; itm_market_arbor_red|Jar of Arbor Wine
; itm_market_arbor_red_pl|Jar of Arbor Wine
; itm_market_candles|Candles
; itm_market_candles_pl|Candles
; itm_market_pumpkins|Pumpkin
; itm_market_pumpkins_pl|Pumpkin
; itm_market_lead|Lead Ingot
; itm_market_lead_pl|Lead Ingot
; itm_market_tin|Tin Ingot
; itm_market_tin_pl|Tin Ingot
; itm_market_coal|Crate of Coal
; itm_market_coal_pl|Crate of Coal
; itm_market_silver_chalice|Silver Chalice
; itm_market_silver_chalice_pl|Silver Chalice
; itm_market_pentoshi_wine|Jar of Pentoshi Wine
; itm_market_pentoshi_wine_pl|Jar of Pentoshi Wine
; itm_market_lyseni_wine|Jar of Lyseni Wine
; itm_market_lyseni_wine_pl|Jar of Lyseni Wine
; itm_market_qohorik_carpets|Qohorik Carpets
; itm_market_qohorik_carpets_pl|Qohorik Carpets
; itm_market_bronzewood|Bronzewood
; itm_market_bronzewood_pl|Bronzewood
; itm_market_myrish_carpets|Myrish Carpets
; itm_market_myrish_carpets_pl|Myrish Carpets
; itm_market_tyroshi_pear_brandy|Bottle of Tyroshi Pear Brandy
; itm_market_tyroshi_pear_brandy_pl|Bottle of Tyroshi Pear Brandy
; itm_market_volantene_wine|Bottle of Volantene Wine
; itm_market_volantene_wine_pl|Bottle of Volantene Wine
; itm_market_ironwood|Ironwood
; itm_market_ironwood_pl|Ironwood
; itm_market_persimmon_wine|Bottle of Persimmon Wine
; itm_market_persimmon_wine_pl|Bottle of Persimmon Wine
; itm_market_perfume|Bottle of Perfume
; itm_market_perfume_pl|Bottle of Perfume
itm_trade_smoked_fish|Poisson fumé
itm_trade_smoked_fish_pl|Poisson fumé
itm_trade_cheese|fromage
itm_trade_cheese_pl|fromages
; itm_trade_honey|Jar of Honey
; itm_trade_honey_pl|Jar of Honey
itm_trade_sausages|saucisses
itm_trade_sausages_pl|saucisses
itm_trade_cabbages|choux
itm_trade_cabbages_pl|choux
itm_trade_dried_meat|viande séchée
itm_trade_dried_meat_pl|viande séchée
; itm_trade_apples|Basket of Fruit
; itm_trade_apples_pl|Basket of Fruit
itm_trade_raw_grapes|fruits
itm_trade_raw_grapes_pl|raisin
itm_trade_raw_olives|Olives
itm_trade_raw_olives_pl|Olives
; itm_trade_grain|Bag of Grain
; itm_trade_grain_pl|Bag of Grain
itm_trade_cattle_meat|bœuf
itm_trade_cattle_meat_pl|bœuf
itm_trade_bread|pain
itm_trade_bread_pl|pain
itm_trade_chicken|poulet
itm_trade_chicken_pl|poulet
itm_trade_pork|porc
itm_trade_pork_pl|porc
; itm_trade_butter|Jar of Butter
; itm_trade_butter_pl|Jar of Butter
itm_trade_dummy01|Élément factice 1
itm_trade_dummy01_pl|Élément factice 1
itm_trade_dummy02|Élément factice 2
itm_trade_dummy02_pl|Élément factice 2
itm_trade_dummy03|Élément factice 3
itm_trade_dummy03_pl|Élément factice 3
itm_trade_dummy04|Élément factice 4
itm_trade_dummy04_pl|Élément factice 4
itm_trade_dummy05|Élément factice 5
itm_trade_dummy05_pl|Élément factice 5
itm_trade_dummy06|Élément factice 6
itm_trade_dummy06_pl|Élément factice 6
itm_trade_dummy07|Élément factice 6
itm_trade_dummy07_pl|Élément factice 7
itm_trade_dummy08|Élément factice 8
itm_trade_dummy08_pl|Élément factice 8
itm_trade_dummy09|Élément factice 9
itm_trade_dummy09_pl|Élément factice 9
itm_trade_dummy10|Élément factice 9
itm_trade_dummy10_pl|Élément factice 10
itm_trade_dummy11|Élément factice 10
itm_trade_dummy11_pl|Élément factice 11
itm_trade_dummy12|Élément factice 11
itm_trade_dummy12_pl|Élément factice 12
itm_trade_dummy13|Élément factice 13
itm_trade_dummy13_pl|Élément factice 13
itm_trade_dummy14|Élément factice 14
itm_trade_dummy14_pl|Élément factice 14
itm_trade_dummy15|Élément factice 15
itm_trade_dummy15_pl|Élément factice 15
itm_trade_dummy16|Élément factice 16
itm_trade_dummy16_pl|Élément factice 16
itm_trade_dummy17|Élément factice 17
itm_trade_dummy17_pl|Élément factice 17
itm_trade_dummy18|Élément factice 18
itm_trade_dummy18_pl|Élément factice 18
itm_trade_dummy19|Élément factice 19
itm_trade_dummy19_pl|Élément factice 19
itm_trade_dummy20|Élément factice 20
itm_trade_dummy20_pl|Élément factice 20
itm_dragon_coin|Dragon d'or
itm_dragon_coin_pl|Dragon d'or
itm_dragon_coin_many|Dragons d'or
itm_dragon_coin_many_pl|Dragons d'or
itm_honor|Honneur d'Or
itm_honor_pl|Honneurs d'Or
itm_honor_many|Honneur d'or
itm_honor_many_pl|Honneurs d'or
itm_groat|Gruau
itm_groat_pl|Gruau
itm_groat_many|Gruaus
itm_groat_many_pl|Gruaus
itm_lumber|bois de charpente
itm_lumber_pl|bois de charpente
itm_ring_1|Anneau d'or
itm_ring_1_pl|Anneau d'or
itm_ring_2|Anneau d'or
itm_ring_2_pl|Anneau d'or
itm_ring_3|Anneau d'or
itm_ring_3_pl|Anneau d'or
itm_ring_4|Anneau en argent
itm_ring_4_pl|Anneau en argent
itm_ring_5|Anneau en argent
itm_ring_5_pl|Anneau en argent
itm_asshai_saffron|safran
itm_asshai_saffron_pl|safran
itm_asshai_myrrh|myrrhe
itm_asshai_myrrh_pl|myrrhe
itm_asshai_cinnamon|cannelle
itm_asshai_cinnamon_pl|cannelle
itm_qarth_saffron|safran
itm_qarth_saffron_pl|safran
itm_qarth_pepper|poivre
itm_qarth_pepper_pl|poivre
itm_qarth_cardamom|cardamome
itm_qarth_cardamom_pl|cardamome
itm_zamettar_nutmeg|noix de muscade
itm_zamettar_nutmeg_pl|noix de muscade
itm_zamettar_curry|curry
itm_zamettar_curry_pl|curry
itm_zamettar_anise|anis
itm_zamettar_anise_pl|anis
itm_moraq_cloves|clous de girofle
itm_moraq_cloves_pl|clous de girofle
itm_moraq_spiceflower|Fleur d'épice
itm_moraq_spiceflower_pl|Fleurs d'épice
itm_moraq_persimmon_seeds|Graines de kaki
itm_moraq_persimmon_seeds_pl|Graines de kaki
; itm_mysterious_spices1|Mysterious Spices
itm_mysterious_spices1_pl|épices mystérieuses
itm_mysterious_spices2|épices mystérieuses
itm_mysterious_spices2_pl|épices mystérieuses
itm_mysterious_spices3|épices mystérieuses
itm_mysterious_spices3_pl|épices mystérieuses
itm_mysterious_sword1|L'épée mystérieuse
itm_mysterious_sword1_pl|L'épée mystérieuse
itm_mysterious_sword2|L'épée mystérieuse
itm_mysterious_sword2_pl|L'épée mystérieuse
itm_mysterious_sword3|L'épée mystérieuse
itm_mysterious_sword3_pl|L'épée mystérieuse
; itm_credits_book|Book of Patrons
; itm_credits_book_pl|Book of Patrons
; itm_clifford_ring|Ruby Ring
; itm_clifford_ring_pl|Ruby Ring
; itm_clifford_letter|Ser Cliffords Letter
; itm_clifford_letter_pl|Ser Cliffords Letter
; itm_samol_book|Old Grimoire
; itm_samol_book_pl|Old Grimoire
; itm_samol_horn|Old Horn
; itm_samol_horn_pl|Old Horn
; itm_varys_npc_5_letter|Illyrios Letter
; itm_varys_npc_5_letter_pl|Illyrios Letter
; itm_varys_npc_8_letter|Allards Letter
; itm_varys_npc_8_letter_pl|Allards Letter
; itm_harodon_letter|Garibalds Letter
; itm_harodon_letter_pl|Garibalds Letter
; itm_illyrios_letter|Illyrios Letter
; itm_illyrios_letter_pl|Illyrios Letter
; itm_varys_npc_1_letter|Illyrios Letter
; itm_varys_npc_1_letter_pl|Illyrios Letter
; itm_varys_npc_2_letter|Rugens Letter
; itm_varys_npc_2_letter_pl|Rugens Letter
; itm_varys_npc_3_chest|Illyrios Chest
; itm_varys_npc_3_chest_pl|Illyrios Chest
; itm_barrel_of_pitch|Barrel of Pitch
; itm_barrel_of_pitch_pl|Barrel of Pitch
itm_huge_ruby|Grand Rubis
itm_huge_ruby_pl|Grand Rubis
itm_carved_tusk|Défenses sculpté
itm_carved_tusk_pl|Défenses sculpté
itm_gold_goblet|Coupe en or
itm_gold_goblet_pl|Coupe en or
itm_gold_nugget|Pépite d'or
itm_gold_nugget_pl|Pépite d'or
itm_event_rabbit|Lapin
itm_event_rabbit_pl|Lapin
itm_siege_supply|Provisions
itm_siege_supply_pl|Provisions
itm_quest_wine|Vin 
itm_quest_wine_pl|Vins
itm_quest_ale|Bière
itm_quest_ale_pl|Bières 
; itm_trial_destrier|Destrier
; itm_trial_destrier_pl|Destrier
itm_stormlands_destrier|Destrier
itm_stormlands_destrier_pl|Destrier
; itm_destrier_1|Destrier
; itm_destrier_1_pl|Destrier
; itm_destrier_2|Destrier
; itm_destrier_2_pl|Destrier
; itm_destrier_3|Destrier
; itm_destrier_3_pl|Destrier
; itm_destrier_4|Destrier
; itm_destrier_4_pl|Destrier
; itm_ho_swa_saddle_black|Rounsey
; itm_ho_swa_saddle_black_pl|Rounsey
; itm_rounsey_2|Rounsey
; itm_rounsey_2_pl|Rounsey
; itm_palfrey_1|Palfrey
; itm_palfrey_1_pl|Palfrey
; itm_palfrey_2|Palfrey
; itm_palfrey_2_pl|Palfrey
; itm_courser_1|Courser
; itm_courser_1_pl|Courser
; itm_courser_2|Courser
; itm_courser_2_pl|Courser
; itm_courser_3|Courser
; itm_courser_3_pl|Courser
; itm_garron_1|Garron
; itm_garron_1_pl|Garron
; itm_garron_2|Garron
; itm_garron_2_pl|Garron
; itm_horse_light_a|Dothraki Courser
; itm_horse_light_a_pl|Dothraki Courser
; itm_horse_light_b|Dothraki Courser
; itm_horse_light_b_pl|Dothraki Courser
; itm_horse_light_c|Dothraki Courser
; itm_horse_light_c_pl|Dothraki Courser
; itm_andal_destrier|Andal Destrier
; itm_andal_destrier_pl|Andal Destrier
itm_plate_warhorse_1|Cheval de guerre Plaqué
itm_plate_warhorse_1_pl|Cheval de guerre Plaqué
itm_plate_warhorse_2|Cheval de guerre Plaqué
itm_plate_warhorse_2_pl|Cheval de guerre Plaqué
; itm_plate_warhorse_3|Plated Warhorse
; itm_plate_warhorse_3_pl|Plated Warhorse
itm_andal_cataphract|Cheval de guerre Cataphracte
itm_andal_cataphract_pl|Cheval de guerre Cataphracte
itm_chain_mail_horse|Coursier
itm_chain_mail_horse_pl|Coursier
itm_rhoynar_cataphract|Cheval de Guerre Cataphracte Dothraki
itm_rhoynar_cataphract_pl|Cheval de Guerre Cataphracte Dothraki
; itm_dornish_sand_steed_1|Dornish Sand Steed
; itm_dornish_sand_steed_1_pl|Dornish Sand Steed
; itm_dornish_sand_steed_2|Dornish Sand Steed
; itm_dornish_sand_steed_2_pl|Dornish Sand Steed
itm_donkey|Ane
itm_donkey_pl|Ane
itm_ho_nor_mule|Mulet
itm_ho_nor_mule_pl|Mulets
itm_ho_sar_camel_bactrian|Chameau
itm_ho_sar_camel_bactrian_pl|Chameaux
itm_we_swa_axe_hatchet|Hachette
itm_we_swa_axe_hatchet_pl|Hachettes
itm_we_swa_axe_voulge|voulge
itm_we_swa_axe_voulge_pl|voulges
itm_we_vae_axe_bardiche|Merlin long
itm_we_vae_axe_bardiche_pl|Merlin long
itm_we_vae_blunt_club|Masse
itm_we_vae_blunt_club_pl|Masses
itm_we_swa_blunt_club_long|Longue masse à piques
itm_we_swa_blunt_club_long_pl|Longues masses à piques
itm_we_vae_blunt_maul|Massette
itm_we_vae_blunt_maul_pl|Massettes
itm_we_vae_blunt_sledgehammer|Marteau de forgeron 
itm_we_vae_blunt_sledgehammer_pl|Marteaux de forgeron 
itm_we_swa_spear_glaive_small|Petit Glaive
itm_we_swa_spear_glaive_small_pl|Petit Glaive
itm_we_swa_spear_glaive|Glaive
itm_we_swa_spear_glaive_pl|Glaive
itm_we_swa_spear_bill_english|Serpe
itm_we_swa_spear_bill_english_pl|Serpe
itm_we_vae_spear_scythe|Faux
itm_we_vae_spear_scythe_pl|Faux
itm_we_vae_spear_scythe_shortened|Petite faux militaire 
itm_we_vae_spear_scythe_shortened_pl|Petite faux militaire 
; itm_we_vae_spear_polehammer|Light Spear
; itm_we_vae_spear_polehammer_pl|Light Spear
; itm_we_khe_spear_staff|Light Spear
; itm_we_khe_spear_staff_pl|Light Spear
; itm_we_khe_spear_bamboolong|Light Spear
; itm_we_khe_spear_bamboolong_pl|Light Spear
; itm_we_khe_spear_nagita|Light Spear
; itm_we_khe_spear_nagita_pl|Light Spear
; itm_we_khe_spear_haftedblade|Light Spear
; itm_we_khe_spear_haftedblade_pl|Light Spear
; itm_heavy_spear_1|Heavy Spear
; itm_heavy_spear_1_pl|Heavy Spear
; itm_heavy_spear_2|Heavy Spear
; itm_heavy_spear_2_pl|Heavy Spear
; itm_heavy_spear_3|Heavy Spear
; itm_heavy_spear_3_pl|Heavy Spear
; itm_dornish_spear_feathers|Heavy Spear
; itm_dornish_spear_feathers_pl|Heavy Spear
; itm_dornish_heavy_spear|Heavy Spear
; itm_dornish_heavy_spear_pl|Heavy Spear
itm_we_rho_spear_fork_pitch|Fourche
itm_we_rho_spear_fork_pitch_pl|Fourche à foin
itm_we_rho_spear_fork_military|Fourche Militaire
itm_we_rho_spear_fork_military_pl|Fourche Militaire
itm_we_rho_spear_fork_battle|Fourche de Bataille
itm_we_rho_spear_fork_battle_pl|Fourche de Bataille
itm_we_sar_spear_staff|Pique
itm_we_sar_spear_staff_pl|Piques
itm_we_sar_spear_staff_quarter|Petite pique
itm_we_sar_spear_staff_quarter_pl|Petite pique
itm_we_sar_spear_staff_iron|Pique en fer
itm_we_sar_spear_staff_iron_pl|Piques en fer
itm_we_sar_spear_lance|Glaive crochu
itm_we_sar_spear_lance_pl|Glaive crochu
itm_we_vae_sword_sickle|Faucille
itm_we_vae_sword_sickle_pl|Faucille
itm_we_vae_sword_cleaver_military|Couperet Militaire
itm_we_vae_sword_cleaver_military_pl|Couperet Militaire
itm_we_swa_sword_clamshell_claymore|grande épée
itm_we_swa_sword_clamshell_claymore_pl|grande épée
itm_we_swa_sword_twohanded_claymore|grande épée
itm_we_swa_sword_twohanded_claymore_pl|grande épée
itm_gregors_great_sword| Grande épée Gregors
itm_gregors_great_sword_pl| Grande épée Gregors
itm_we_vae_sword_cleaverwar|Couperet
itm_we_vae_sword_cleaverwar_pl|Couperet
itm_we_khe_sword_sabre|grande épée
itm_we_khe_sword_sabre_pl|grande épée
itm_we_nor_sword_danish_great|grande épée
itm_we_nor_sword_danish_great_pl|grande épée
itm_we_rho_sword_great|Grande épée Masterwork 
itm_we_rho_sword_great_pl|Grande épée Masterwork 
itm_we_pla_sword_great_four|hallebarde
itm_we_pla_sword_great_four_pl|hallebarde
; itm_fi_halberd_2|Halberd
; itm_fi_halberd_2_pl|Halberd
; itm_fi_halberd_1|Halberd
; itm_fi_halberd_1_pl|Halberd
; itm_normal_arrows|Arrows
; itm_normal_arrows_pl|Arrows
; itm_arrow_f_big|Heavy Arrows
; itm_arrow_f_big_pl|Heavy Arrows
; itm_arrow_f_piece|Piercing Arrows
; itm_arrow_f_piece_pl|Piercing Arrows
; itm_arrow_f_slash|Heavy Arrows
; itm_arrow_f_slash_pl|Heavy Arrows
; itm_arrow_f_standard|Wildling Arrows
; itm_arrow_f_standard_pl|Wildling Arrows
; itm_arrow_f_dornish|Dornish Arrows
; itm_arrow_f_dornish_pl|Dornish Arrows
; itm_arrow_f_dothraki|Dothraki Arrows
; itm_arrow_f_dothraki_pl|Dothraki Arrows
; itm_bolt_f_simple|Bolts
; itm_bolt_f_simple_pl|Bolts
; itm_bolt_f_heavy|Piercing Bolts
; itm_bolt_f_heavy_pl|Piercing Bolts
; itm_bolt_f_slash|Heavy Bolts
; itm_bolt_f_slash_pl|Heavy Bolts
; itm_bolt_f_crippling|Crippling Bolts
; itm_bolt_f_crippling_pl|Crippling Bolts
; itm_bolt_f_piercing|Piercing Bolts
; itm_bolt_f_piercing_pl|Piercing Bolts
; itm_bolt_f_myrish|Myrish Bolts
; itm_bolt_f_myrish_pl|Myrish Bolts
; itm_bow_f_hunting_bow|Hunting Bow
; itm_bow_f_hunting_bow_pl|Hunting Bow
; itm_bow_f_simple|Short Bow
; itm_bow_f_simple_pl|Short Bow
; itm_bow_f_longbow_1|Longbow
; itm_bow_f_longbow_1_pl|Longbow
; itm_bow_f_longbow_2|Flatbow
; itm_bow_f_longbow_2_pl|Flatbow
; itm_bow_f_dothraki|Recurved Bow
; itm_bow_f_dothraki_pl|Recurved Bow
; itm_bow_f_dornish|Recurved Bow
; itm_bow_f_dornish_pl|Recurved Bow
; itm_bow_f_decorated_bow|Decorated Longbow
; itm_bow_f_decorated_bow_pl|Decorated Longbow
; itm_crossbow_f_simple_1|Hunting Crossbow
; itm_crossbow_f_simple_1_pl|Hunting Crossbow
; itm_crossbow_f_simple_2|Light Crossbow
; itm_crossbow_f_simple_2_pl|Light Crossbow
; itm_crossbow_f_medium|Crossbow
; itm_crossbow_f_medium_pl|Crossbow
; itm_crossbow_f_heavy|Heavy Crossbow
; itm_crossbow_f_heavy_pl|Heavy Crossbow
; itm_crossbow_f_myrish|Myrish Crossbow
; itm_crossbow_f_myrish_pl|Myrish Crossbow
itm_we_khe_throw_stone|Pierres
itm_we_khe_throw_stone_pl|Pierres
itm_we_sar_spear_javelin|Javelots
itm_we_sar_spear_javelin_pl|Javelots
itm_we_sar_spear_javelin_melee|lance courte 
itm_we_sar_spear_javelin_melee_pl|lance courte 
itm_we_sar_spear_throwing_spears|Javelots
itm_we_sar_spear_throwing_spears_pl|Javelots
itm_we_sar_spear_throwing_spear_melee|lance courte 
itm_we_sar_spear_throwing_spear_melee_pl|lance courte 
itm_we_sar_spear_jarid|Jarides
itm_we_sar_spear_jarid_pl|Jarides
itm_we_sar_spear_jarid_melee|lance courte 
itm_we_sar_spear_jarid_melee_pl|lance courte 
itm_ar_vae_t7_elite_b|Armure lourde de plates et d'écailles
itm_ar_vae_t7_elite_b_pl|Armure lourde de plates et d'écailles
itm_ar_khe_t2_armor_a|Armure de fourrure
itm_ar_khe_t2_armor_a_pl|Armure de fourrure
itm_ar_khe_t6_tunic_a|Armure de cuir de mercenaire oriental
itm_ar_khe_t6_tunic_a_pl|Armure de cuir de mercenaire oriental
itm_ar_nor_t7_vikingbyrnie_a|Haubert de mailles décoré
itm_ar_nor_t7_vikingbyrnie_a_pl|Haubert de mailles décoré
itm_ar_rho_ban_highlander_a|Tenue clanique
itm_ar_rho_ban_highlander_a_pl|Tenue clanique
itm_ar_rho_t4_highlander_a|Armure d'écailles clanique
itm_ar_rho_t4_highlander_a_pl|Armure d'écailles clanique
itm_ar_pla_t6_heraldic_a|Armure de plates lourde
itm_ar_pla_t6_heraldic_a_pl|Armure de plates lourde
itm_ar_swa_shi_linen|Robe brune
itm_ar_swa_shi_linen_pl|Robe brune
itm_ar_swa_tun_tabard|Tunique chère
itm_ar_swa_tun_tabard_pl|Tunique chère
itm_brown_robe|Robe
itm_brown_robe_pl|Robe
itm_ar_pla_pri_pilgrimdisguise|Déguisement
itm_ar_pla_pri_pilgrimdisguise_pl|Déguisement
itm_dress_general_bride|Robe de mariée
itm_dress_general_bride_pl|Robe de mariée
itm_bo_gen_t0_bride_shoes|chaussures de mariée
itm_bo_gen_t0_bride_shoes_pl|chaussures de mariée
itm_bo_swa_t4_sandal| sandales
itm_bo_swa_t4_sandal_pl| sandales
itm_bo_swa_t6_mail| Bottes maillée
itm_bo_swa_t6_mail_pl| bottes maillées
itm_bo_vae_t2_shoes|chaussures
itm_bo_vae_t2_shoes_pl|chaussures
itm_bo_vae_t3_leather|chaussures en cuir
itm_bo_vae_t3_leather_pl|chaussures en cuir
itm_bo_vae_t4_shoes|chaussures en cuir
itm_bo_vae_t4_shoes_pl|chaussures en cuir
itm_bo_khe_t0_sandal|bottes
itm_bo_khe_t0_sandal_pl|bottes
itm_bo_khe_t2_boots|chaussures en cuir
itm_bo_khe_t2_boots_pl|chaussures en cuir
itm_bo_khe_t4_sandal|chaussures en cuir
itm_bo_khe_t4_sandal_pl|chaussures en cuir
itm_bo_khe_t6_mail| chaussures en cuir
itm_bo_khe_t6_mail_pl| chaussures en cuir
itm_bo_nor_t2_shoes|chaussures en cuir
itm_bo_nor_t2_shoes_pl|chaussures en cuir
itm_bo_rho_t3_highlander|bottes fourrée
itm_bo_rho_t3_highlander_pl|bottes fourrée
itm_bo_rho_t4_greaves|grèves
itm_bo_rho_t4_greaves_pl|grèves
itm_bo_rho_t5_greaves|grèves
itm_bo_rho_t5_greaves_pl|grèves
itm_bo_sar_t4_camel|bas de laines
itm_bo_sar_t4_camel_pl|bas de laines
itm_bo_sar_t6_mail|chaussures
itm_bo_sar_t6_mail_pl|chaussures
itm_bo_sar_t7_greaves|chaussures
itm_bo_sar_t7_greaves_pl|chaussures
itm_bo_pla_str_samurai|chaussures
itm_bo_pla_str_samurai_pl|chaussures
itm_bo_pla_t1_priest|chaussures en cuir
itm_bo_pla_t1_priest_pl|chaussures en cuir
itm_bo_pla_t2_ankle|chaussures en cuir
itm_bo_pla_t2_ankle_pl|chaussures en cuir
itm_bo_pla_t5_highlander|bottes
itm_bo_pla_t5_highlander_pl|bottes
itm_bo_pla_t7_greaves|bottes
itm_bo_pla_t7_greaves_pl|bottes
itm_ga_swa_a4_plate|Mitaines
itm_ga_swa_a4_plate_pl|Mitaines
itm_ga_swa_a6_plate|Gantelet
itm_ga_swa_a6_plate_pl|Gantelets
itm_ga_vae_a5_mail|Gantelets
itm_ga_vae_a5_mail_pl|Gantelets
itm_ga_vae_a6_black|Gantelets
itm_ga_vae_a6_black_pl|Gantelets
itm_ga_khe_a5_armor|Gants lamellaires
itm_ga_khe_a5_armor_pl|Gants lamellaires
itm_ga_khe_a6_lamellar|Gants lamellaires
itm_ga_khe_a6_lamellar_pl|Gants lamellaires
itm_ga_rho_a2_leather|Gants en cuir
itm_ga_rho_a2_leather_pl|Gants en cuir
itm_ga_rho_a5_bnw|Gantelets de plaques décorées
itm_ga_rho_a5_bnw_pl|Gantelets de plaques décorées
itm_ga_rho_a6_hourglass|Gantelets
itm_ga_rho_a6_hourglass_pl|Gantelets
itm_ga_pla_a5_iron|Gantelets en plaques
itm_ga_pla_a5_iron_pl|Gantelets en plaques
itm_he_gen_lad_bride_crown|Couronne de fleurs
itm_he_gen_lad_bride_crown_pl|Couronne de fleurs
itm_he_swa_lad_common_a|coiffe blanche
itm_he_swa_lad_common_a_pl|coiffe blanche
itm_he_swa_t1_common_a|Capuche commune
itm_he_swa_t1_common_a_pl|Capuche commune
itm_he_swa_t1_noble_a|Casquette
itm_he_swa_t1_noble_a_pl|Casquette
itm_he_vae_lad_lady_a|Barbette
itm_he_vae_lad_lady_a_pl|Barbette
itm_he_vae_t1_common_a|chapeau de feutre
itm_he_vae_t1_common_a_pl|chapeau de feutre
itm_he_khe_lad_common_a|coiffe en cuir
itm_he_khe_lad_common_a_pl|coiffe en cuir
itm_he_nor_t1_common_a|Casquette en laine
itm_he_nor_t1_common_a_pl|Casquette en laine
itm_he_pla_pri_noel|Casque
itm_he_pla_pri_noel_pl|Casque
itm_he_swa_t2_coif_a|coiffe rembourrée
itm_he_swa_t2_coif_a_pl|coiffe rembourrée
itm_he_swa_t3_helmet_a|Casque
itm_he_swa_t3_helmet_a_pl|Casque
itm_he_swa_t4_bascinet_a|Chapeau de paille
itm_he_swa_t4_bascinet_a_pl|Chapeau de paille
itm_he_vae_t6_warhelmet_a|chapeau de feutre
itm_he_vae_t6_warhelmet_a_pl|chapeau de feutre
itm_he_vae_t7_warmask_a|grand Casque
itm_he_vae_t7_warmask_a_pl|grand Casque
itm_he_vae_t7_warmask_b|Casque en cuir
itm_he_vae_t7_warmask_b_pl|coiffe en cuir
itm_he_khe_t2_steppe_a|Chapeau fourré en cuir
itm_he_khe_t2_steppe_a_pl|Chapeau fourré en cuir
itm_he_khe_t3_steppe_a|Casque en cuir
itm_he_khe_t3_steppe_a_pl|Casque en cuir
itm_he_khe_t4_war_a|Casque Hounskull
itm_he_khe_t4_war_a_pl|Casque Hounskull
itm_he_khe_t5_neck_a|grand Casque
itm_he_khe_t5_neck_a_pl|grand Casque
itm_he_nor_t2_spangen_a|Casque nasal 
itm_he_nor_t2_spangen_a_pl|Casque nasal
itm_he_nor_t3_valsgarde_a|Casque nasal
itm_he_nor_t3_valsgarde_a_pl|Casque nasal
itm_he_nor_t5_valsgarde_a|Casque nasal
itm_he_nor_t5_valsgarde_a_pl|Casque nasal
itm_he_rho_t2_beret_a|Casque en cuir
itm_he_rho_t2_beret_a_pl|coiffe en cuir
itm_he_rho_t5_kettle_a|Casque nasal
itm_he_rho_t5_kettle_a_pl|Casque nasal
itm_he_pla_t7_gerulfingen|Bassinet
itm_he_pla_t7_gerulfingen_pl|Bassinets
itm_he_pla_t7_crusader_a|Sallet
itm_he_pla_t7_crusader_a_pl|Sallet
itm_he_pla_t7_crusader_b|Armet
itm_he_pla_t7_crusader_b_pl|Armet
itm_sh_swa_rou_bandit_a|Bouclier
itm_sh_swa_rou_bandit_a_pl|Bouclier
; itm_sh_swa_hea_plain|Heater Shield
; itm_sh_swa_hea_plain_pl|Heater Shield
; itm_sh_swa_kit_horseman|Kite Shield
; itm_sh_swa_kit_horseman_pl|Kite Shield
; itm_sh_swa_hea_horseman|Heater Shield
; itm_sh_swa_hea_horseman_pl|Heater Shield
itm_sh_vae_kit_old|vieux bouclier
itm_sh_vae_kit_old_pl|vieux bouclier
; itm_sh_vae_kit_plain|Kite Shield
; itm_sh_vae_kit_plain_pl|Kite Shield
; itm_sh_vae_kit_heavy|Kite Shield
; itm_sh_vae_kit_heavy_pl|Kite Shield
itm_sh_khe_rou_old|vieux bouclier rond
itm_sh_khe_rou_old_pl|vieux bouclier rond
itm_sh_khe_rou_plain|Bouclier rond
itm_sh_khe_rou_plain_pl|Bouclier rond
itm_sh_khe_rou_round|Bouclier rond
itm_sh_khe_rou_round_pl|Bouclier rond
itm_sh_khe_rou_heavy|Bouclier rond
itm_sh_khe_rou_heavy_pl|Bouclier rond
itm_sh_sar_rou_plain|Bouclier rond
itm_sh_sar_rou_plain_pl|Bouclier rond
itm_sh_sar_rou_round|Bouclier rond
itm_sh_sar_rou_round_pl|Bouclier rond
itm_sh_sar_rou_elite| Bouclier rond Lourd
itm_sh_sar_rou_elite_pl| Bouclier rond Lourd
itm_sh_sar_rou_mamluk|bouclier rond
itm_sh_sar_rou_mamluk_pl|bouclier rond
itm_sh_pla_pav_plain|Pavois
itm_sh_pla_pav_plain_pl|Pavois
itm_sh_pla_pav_heavy|Pavois lourd
itm_sh_pla_pav_heavy_pl|Pavois lourd
itm_sh_nor_rou_small_b|Bouclier rond
itm_sh_nor_rou_small_b_pl|Bouclier rond
itm_sh_nor_rou_medium_b|Bouclier rond
itm_sh_nor_rou_medium_b_pl|Bouclier rond
itm_sh_nor_rou_large_b|Bouclier rond
itm_sh_nor_rou_large_b_pl|Bouclier rond
itm_sh_rho_rou_bandit_a|bouclier
itm_sh_rho_rou_bandit_a_pl|boucliers
itm_heraldic_cuir_bouilli|Armure de cuir lourd héraldique
itm_heraldic_cuir_bouilli_pl|Armure de cuir lourd héraldique
itm_cor_herald|Héraldique lourdes armures de plaques
itm_cor_herald_pl|Héraldique lourdes armures de plaques
itm_heraldic_cozur_1|Surcot héraldique sur Mail
itm_heraldic_cozur_1_pl|Surcot héraldique sur Mail
itm_heraldic_cozur_2|Surcot héraldique sur Mail
itm_heraldic_cozur_2_pl|Surcot héraldique sur Mail
itm_brigandine_b_heraldic|Héraldique lourdes armures de plaques
itm_brigandine_b_heraldic_pl|Héraldique lourdes armures de plaques
itm_heraldic_tunic_new|Héraldique lourdes armures de plaques
itm_heraldic_tunic_new_pl|Héraldique lourdes armures de plaques
itm_frenchpepperpot2|grand casque
itm_frenchpepperpot2_pl|grands casques
itm_frenchpepperpot3|grand casque
itm_frenchpepperpot3_pl|grands casques
itm_munitionshelm2|Casque
itm_munitionshelm2_pl|Casque
itm_conichelm|Casque conique
itm_conichelm_pl|Casque conique
itm_pepperpothelm1|Casque
itm_pepperpothelm1_pl|Casque
itm_normanpepperpot|Casque conique
itm_normanpepperpot_pl|Casque conique
itm_munitionshelm1|casque
itm_munitionshelm1_pl|casque
; itm_crownedhelm|Nasal Helmet with Crown
; itm_crownedhelm_pl|Nasal Helmet with Crown
itm_frenchpepperpot|Casque
itm_frenchpepperpot_pl|Casque
itm_flattophelmet|Casque
itm_flattophelmet_pl|Casques
itm_chionite_hat_b|bonnet de laine
itm_chionite_hat_b_pl|bonnet de laine
itm_clansman_cloth_1|tunique de clan
itm_clansman_cloth_1_pl|tunique de clan
itm_clansman_cloth_2|tunique de clan
itm_clansman_cloth_2_pl|tunique de clan
itm_clansman_cloth_3|tunique de clan
itm_clansman_cloth_3_pl|tunique de clan
itm_clansman_lamellar_1|armure de clan
itm_clansman_lamellar_1_pl|armure de clan
itm_clansman_lamellar_2|armure de clan
itm_clansman_lamellar_2_pl|armure de clan
itm_clansman_fur_armor_1|armure lourde de clan
itm_clansman_fur_armor_1_pl|armure lourde de clan
itm_clansman_fur_armor_2|armure lourdes de clan
itm_clansman_fur_armor_2_pl|armure lourde de clan
itm_bigod_spurs|bottes de Plate
itm_bigod_spurs_pl|bottes de Plate
itm_brienne_spurs|Bottes de plates
itm_brienne_spurs_pl|Bottes de plates
itm_henryv_helm|Grand casque couronné Aegon Targaryens
itm_henryv_helm_pl|Grand casque couronné Aegon Targaryens
; itm_longshanks_helm|Crowned Great Helmet
; itm_longshanks_helm_pl|Crowned Great Helmet
itm_byz_helmet_a|Casque nasal
itm_byz_helmet_a_pl|Casque nasal
itm_archer_a|Tunique de paysans
itm_archer_a_pl|Tunique de paysans
itm_militia_tunic_a|Tunique de paysans
itm_militia_tunic_a_pl|Tunique de paysans
itm_peasant_b|Tunique de paysans
itm_peasant_b_pl|Tunique de paysans
itm_peasant_c|Tunique de paysans
itm_peasant_c_pl|Tunique de paysans
itm_peasant_man_b|Tunique de paysans
itm_peasant_man_b_pl|Tunique de paysans
itm_peasant_outfit_a|Tunique de paysans
itm_peasant_outfit_a_pl|Tunique de paysans
itm_flattop_a|Casque
itm_flattop_a_pl|Casque
itm_varangian_helmet|Casque
itm_varangian_helmet_pl|Casque
itm_andalusianskirmisher_armor|Tunique de cuir lourd
itm_andalusianskirmisher_armor_pl|Tunique de cuir lourd
itm_gaelic_mail_shirt_a|Cotte de mailles Haubert
itm_gaelic_mail_shirt_a_pl|Cotte de mailles Haubert
itm_galloglass_padded|Cotte de mailles Haubert
itm_galloglass_padded_pl|Cotte de mailles Haubert
itm_lit_segmented_helmet|Grand casque
itm_lit_segmented_helmet_pl|Grand casque
itm_liv_tunic_a|Tunique
itm_liv_tunic_a_pl|Tunique
itm_teu_postulant|Cotte de mailles Haubert
itm_teu_postulant_pl|Cotte de mailles Haubert
itm_mackie_dagger|Dague Valyrian
itm_mackie_dagger_pl|Dague Valyrian
itm_mackie_bearded_axe|hache à deux mains
itm_mackie_bearded_axe_pl|Haches à deux mains
itm_mackie_beefsplitter01|Hachoir de paysans
itm_mackie_beefsplitter01_pl|Hachoirs de paysans
itm_mackie_beefsplitter02|hachoir de paysans
itm_mackie_beefsplitter02_pl|hachoirs de paysans
itm_mackie_celtic_axe|Hache à deux mains
itm_mackie_celtic_axe_pl|Hache à deux mains
itm_mackie_tomahawk|Hache une main
itm_mackie_tomahawk_pl|Hache une main
itm_mackie_varangian_axe|Hache une main
itm_mackie_varangian_axe_pl|Hache une main
itm_mackie_voulge|Voulge
itm_mackie_voulge_pl|Voulge
itm_mackie_godenak|Feuille de boucher
itm_mackie_godenak_pl|Feuille de boucher
itm_mackie_morning_star_long|Masse longue
itm_mackie_morning_star_long_pl|Masse longue
itm_coif|Coiffe
itm_coif_pl|coiffe
itm_kettlehatfacebyrnie|chapeau
itm_kettlehatfacebyrnie_pl|chapeau
itm_kettlehat2|chapeau
itm_kettlehat2_pl|chapeau
itm_col1_kettlehat1|Bascinet
itm_col1_kettlehat1_pl|Bascinet
itm_col1_kettlehat2|Bascinet
itm_col1_kettlehat2_pl|Bascinet
itm_byzantion|Pointy chapeau
itm_byzantion_pl|Pointy chapeau
itm_col1_byzantion|Pointy chapeau
itm_col1_byzantion_pl|Pointy chapeau
itm_aketon|Aketon
itm_aketon_pl|Aketon
itm_nomad_cap_b_new|coiffe en cuir
itm_nomad_cap_b_new_pl|coiffe en cuir
itm_black_khergit_armor_new|Armure de fourrure
itm_black_khergit_armor_new_pl|Armure de fourrure
itm_black_nomad_armor_new|Armure de fourrure
itm_black_nomad_armor_new_pl|Armure de fourrure
itm_brass_shield2|Bouclier rond de Bronze
itm_brass_shield2_pl|Bouclier rond de Bronze
itm_dec_steel_shield|Bouclier d'argent rond
itm_dec_steel_shield_pl|Bouclier d'argent rond
; itm_brass_mamluk_armor|Heavy Plate Armor
; itm_brass_mamluk_armor_pl|Heavy Plate Armor
; itm_mercenary_lamellar|Expensive Lamellar Armor
; itm_mercenary_lamellar_pl|Expensive Lamellar Armor
; itm_mercenary_surcoat|Surcoat over Mail
; itm_mercenary_surcoat_pl|Surcoat over Mail
; itm_mercenary_hauberk|Chain Mail Hauberk
; itm_mercenary_hauberk_pl|Chain Mail Hauberk
itm_surcoat_braavosi|Manteau avec maille
itm_surcoat_braavosi_pl|Manteau avec maille
itm_surcoat_lorathi|Manteau avec maille
itm_surcoat_lorathi_pl|Manteau avec maille
itm_surcoat_tyrosh|Manteau avec maille
itm_surcoat_tyrosh_pl|Manteau avec maille
itm_surcoat_lys|Manteau avec maille
itm_surcoat_lys_pl|Manteau avec maille
itm_militia_tunic_a2| tunique avec Cape
itm_militia_tunic_a2_pl| tunique avec Cape
itm_peasant_b2| tunique avec Cape
itm_peasant_b2_pl| tunique avec Cape
itm_peasant_c2| tunique avec Cape
itm_peasant_c2_pl| tunique avec Cape
itm_peasant_outfit_a2| tunique avec Cape
itm_peasant_outfit_a2_pl| tunique avec Cape
itm_norman_short_hauberk|Haubert, Cotte de Mailles
itm_norman_short_hauberk_pl|Haubert, Cotte de Mailles
itm_rough_padded_leather|Tunique Rembourré
itm_rough_padded_leather_pl|Tunique Rembourré
itm_surcoat_over_mail_swadian_f|Surcot en Cuir sur Maille
itm_surcoat_over_mail_swadian_f_pl|Surcot en Cuir sur Maille
itm_rathos_fluted_helmet|Casque Cannelé
itm_rathos_fluted_helmet_pl|Casque Cannelé
itm_inv_nikolskoe_helm|Casque Cataphractaire
itm_inv_nikolskoe_helm_pl|Casque Cataphractaire
itm_kolchuga|Haubert Cotte de Mailles
itm_kolchuga_pl|Haubert Cotte de Mailles
itm_rus_cap|Coiffe
itm_rus_cap_pl|Coiffe
; itm_rus_fur_hat|Braavosi Fur Hat
; itm_rus_fur_hat_pl|Braavosi Fur Hat
itm_langsax|Couteau Long
itm_langsax_pl|Couteau Long
itm_saxon_cap|Coiffe
itm_saxon_cap_pl|Coiffe
itm_saxon_tunic_a|Tunique de Paysans 
itm_saxon_tunic_a_pl|Tunique de Paysans
itm_crossbearer_cap|Coiffe de Septons
itm_crossbearer_cap_pl|Coiffe de Septons
itm_crossbearer|Robe de Septons
itm_crossbearer_pl|Robe de Septons
itm_red_priest|Robe de Prêtres Rouges
itm_red_priest_pl|Robe de Prêtres Rouges
itm_sonyer_saracen_2|Bascinet
itm_sonyer_saracen_2_pl|Bascinet
itm_leather_vest_brn|Gilet en Cuir
itm_leather_vest_brn_pl|Gilet en Cuir
itm_gambeson_trans|Gambeson
itm_gambeson_trans_pl|Gambeson
itm_onion_top_bascinet|Casque Hounskull
itm_onion_top_bascinet_pl|Casque Hounskull
itm_battered_plainhelm|vieux Casque Nasal
itm_battered_plainhelm_pl|vieux Casque Nasal
itm_wight_berserker_1|Corps de Revenant
itm_wight_berserker_1_pl|Corps de Revenant
itm_wight_berserker_2|Corps de Revenant
itm_wight_berserker_2_pl|Corps de Revenant
itm_wight_berserker_3|Corps de Revenant
itm_wight_berserker_3_pl|Corps de Revenant
itm_wight_fur_armor_1|Armure de cuir
itm_wight_fur_armor_1_pl|Armure de cuir
itm_wight_fur_armor_2|Armure de fourrure Lourde
itm_wight_fur_armor_2_pl|Armure de fourrure Lourde
itm_wight_face_1_1|Tête de Revenant
itm_wight_face_1_1_pl|Têtes de Revenant
itm_wight_face_1_2|Tête de Revenant
itm_wight_face_1_2_pl|Têtes de Revenant
itm_wight_face_1_3|Tête de Revenant
itm_wight_face_1_3_pl|Têtes de Revenant
itm_wight_face_2_1|Tête de Revenant
itm_wight_face_2_1_pl|Têtes de Revenant
itm_wight_face_2_2|Tête de Revenant
itm_wight_face_2_2_pl|Têtes de Revenant
itm_wight_face_2_3|Tête de Revenant
itm_wight_face_2_3_pl|Têtes de Revenant
itm_wight_face_helmet_1|Casque de Revenant
itm_wight_face_helmet_1_pl|Casque de Revenant
itm_wight_face_helmet_2|Casque de Revenant
itm_wight_face_helmet_2_pl|Casque de Revenant
itm_wight_face_helmet_3|Chapeau de Revenant
itm_wight_face_helmet_3_pl|Chapeau de Revenant
itm_wight_face_helmet_4|Chapeau de Revenant
itm_wight_face_helmet_4_pl|Casque de Revenant
itm_mace_knobbed|Masse de Guerre
itm_mace_knobbed_pl|Masse de Guerre
itm_mace_spiral|Masse de Guerre
itm_mace_spiral_pl|Masse de Guerre
; itm_mackie_morning_star|Spiked Mace
; itm_mackie_morning_star_pl|Spiked Mace
itm_kataphraktoi_2|Pourpoint en Cuir
itm_kataphraktoi_2_pl|Pourpoint en Cuir
itm_kataphraktoi_3|Armure Lamellaire Lourde
itm_kataphraktoi_3_pl|Armure Lamellaire Lourde
itm_kataphraktoi_4|Manteau de Plaques
itm_kataphraktoi_4_pl|Manteau de Plaques
itm_kataphraktoi_5|Manteau de Plaques
itm_kataphraktoi_5_pl|Manteau de Plaques
itm_shortsword1|Epée Courte
itm_shortsword1_pl|Epée Courte
itm_rus_mail_cozur|Cotte de Mailles Haubert
itm_rus_mail_cozur_pl|Cotte de Mailles Haubert
itm_sh_rho_pav_deploy_a|Armure Lamellaire Lourde
itm_sh_rho_pav_deploy_a_pl|Armure Lamellaire Lourde
itm_sh_rho_pav_deploy_b|Armure Lourde de Plate
itm_sh_rho_pav_deploy_b_pl|Armure Lourde de Plate
itm_sh_rho_pav_deploy_e|Bottes de Plates
itm_sh_rho_pav_deploy_e_pl|Bottes de Plates
itm_sh_rho_pav_deploy_f|Bottes de Plates
itm_sh_rho_pav_deploy_f_pl|Bottes de Plates
itm_fi_tourney_helmet_2|Casque de Tournoi Décoré
itm_fi_tourney_helmet_2_pl|Casque de Tournoi Décoré
itm_fi_hood_1|Capuche en Tissu
itm_fi_hood_1_pl|Capuche en Tissu
itm_fi_hood_4|Capuche en Cuir
itm_fi_hood_4_pl|Capuche en Cuir
itm_fi_sallet_1|Sallet à Visière
itm_fi_sallet_1_pl|Sallet à Visière
itm_fi_sallet_2|Sallet à Visière
itm_fi_sallet_2_pl|Sallet à Visière
itm_fi_sallet_3|Sallet Ouvert
itm_fi_sallet_3_pl|Sallet Ouvert
itm_fi_great_bascinet|Grand Bascinet
itm_fi_great_bascinet_pl|Grand Bascinet
itm_fi_pigface|Klapvisor Face de Cochon
itm_fi_pigface_pl|Klapvisor Face de Cochon
itm_fi_cataphract_helmet_2|Casque Cataphracte
itm_fi_cataphract_helmet_2_pl|Casque Cataphracte
itm_cool_dagger|Dague
itm_cool_dagger_pl|Dague
itm_cool_dagger_2|Dague
itm_cool_dagger_2_pl|Dague
itm_cool_dagger_3|Dague
itm_cool_dagger_3_pl|Dague
; itm_cool_dagger_4|Dagger
; itm_cool_dagger_4_pl|Dagger
itm_ilyns_leather_armor|Ilyns Armure de Cuir
itm_ilyns_leather_armor_pl|Ilyns Armure de Cuir
itm_kingsguard_armor|Armure de la Garde Royale
itm_kingsguard_armor_pl|Armure de la Garde Royale
itm_stormlands_sellsword_armor_1|Haubert Cotte de mailles
itm_stormlands_sellsword_armor_1_pl|Haubert Cotte de mailles
itm_dragonstone_sellsword_armor_2|Haubert Cotte de mailles
itm_dragonstone_sellsword_armor_2_pl|Haubert Cotte de mailles
itm_sellsword_armor_4|Haubert Cotte de mailles
itm_sellsword_armor_4_pl|Haubert Cotte de mailles
itm_fi_chain_mail_hauberk|Haubert Cotte de mailles
itm_fi_chain_mail_hauberk_pl|Haubert Cotte de mailles
itm_shagwells_armor|Haubert Cotte de mailles
itm_shagwells_armor_pl|Haubert Cotte de mailles
itm_sellsword_armor_3|Armure de Plate Lourde
itm_sellsword_armor_3_pl|Armure de Plate Lourde
itm_vale_sellsword_armor_5|Armure de Plate Lourde
itm_vale_sellsword_armor_5_pl|Armure de Plate Lourde
itm_sellsword_plate_armor_3|Armure de Plate Lourde
itm_sellsword_plate_armor_3_pl|Armure de Plate Lourde
itm_full_plate_armor_1|Armure de Plate Lourde
itm_full_plate_armor_1_pl|Armure de Plate Lourde
itm_full_plate_armor_2|Armure de Plate Lourde
itm_full_plate_armor_2_pl|Armure de Plate Lourde
itm_full_plate_armor_3|Armure de Plate Lourde
itm_full_plate_armor_3_pl|Armure de Plate Lourde
itm_fi_chain_mail_jerkin|Armure de Plate Lourde
itm_fi_chain_mail_jerkin_pl|Armure de Plate Lourde
itm_fi_massive_plate_armor|Armure de Plate Lourde
itm_fi_massive_plate_armor_pl|Armure de Plate Lourde
itm_fi_arryn_plate_armor_1|Armure de Plate Lourde
itm_fi_arryn_plate_armor_1_pl|Armure de Plate Lourde
itm_fi_dorne_plate_armor_1|Armure de Plate Lourde
itm_fi_dorne_plate_armor_1_pl|Armure de Plate Lourde
itm_fi_dorne_plate_armor_2|Armure de Plate Lourde
itm_fi_dorne_plate_armor_2_pl|Armure de Plate Lourde
itm_fi_reach_plate_armor_1|Armure de Plate Lourde
itm_fi_reach_plate_armor_1_pl|Armure de Plate Lourde
itm_fi_reach_plate_armor_2|Armure de Plate Lourde
itm_fi_reach_plate_armor_2_pl|Armure de Plate Lourde
itm_fi_reach_plate_armor_3|Armure de Plate Lourde
itm_fi_reach_plate_armor_3_pl|Armure de Plate Lourde
itm_fi_westerlands_plate_armor_1|Armure de Plate Lourde
itm_fi_westerlands_plate_armor_1_pl|Armure de Plate Lourde
; itm_fi_stripped_leather_jerkin|Leather Jerkin
; itm_fi_stripped_leather_jerkin_pl|Leather Jerkin
; itm_fi_leather_jerkin_2|Leather Jerkin
; itm_fi_leather_jerkin_2_pl|Leather Jerkin
itm_fi_leather_jerkin|Pourpoint en Cuir Lourd
itm_fi_leather_jerkin_pl|Pourpoint en Cuir Lourd
; itm_fi_green_leather_armor|Kingswood Leather Jerkin
; itm_fi_green_leather_armor_pl|Kingswood Leather Jerkin
itm_stormland_light|Gambeson
itm_stormland_light_pl|Gambeson
itm_sellsword_light|Pourpoint en Cuir
itm_sellsword_light_pl|Pourpoint en Cuir
itm_westerland_goldcloak|Haubert Cotte de mailles Manteau d'or
itm_westerland_goldcloak_pl|Haubert Cotte de mailles Manteau d'or
itm_westerland_goldcloak_cloaked|Haubert Cotte de mailles Manteau d'or
itm_westerland_goldcloak_cloaked_pl|Haubert Cotte de mailles Manteau d'or
itm_westerland_hound|Haubert Cotte de mailles
itm_westerland_hound_pl|Haubert Cotte de mailles
itm_nightswatch_a|Pourpoint en Cuir
itm_nightswatch_a_pl|Pourpoint en Cuir
itm_nightswatch_b|Pourpoint en Cuir
itm_nightswatch_b_pl|Pourpoint en Cuir Renforcé
itm_nightswatch_c|Pourpoint en Cuir Renforcé
itm_nightswatch_c_pl|Pourpoint en Cuir
itm_nightswatch_d|Armure lamellaire
itm_nightswatch_d_pl|Armure lamellaire
itm_north_archer|Gambeson en Cuir
itm_north_archer_pl|Gambeson en Cuir
itm_north_hunter|Pourpoint en Cuir
itm_north_hunter_pl|Pourpoint en Cuir
itm_north_heavycav|Armure de cuir Lourde
itm_north_heavycav_pl|Armure de cuir Lourde
itm_riverlands_light|Pourpoint en Cuir
itm_riverlands_light_pl|Pourpoint en Cuir
itm_riverlands_freyheavy|Pourpoint en Cuir
itm_riverlands_freyheavy_pl|Pourpoint en Cuir
itm_riverlands_freylight|Pourpoint en Cuir
itm_riverlands_freylight_pl|Pourpoint en Cuir
itm_riverlands_freylight_shoulders|Pourpoint en Cuir
itm_riverlands_freylight_shoulders_pl|Pourpoint en Cuir
; itm_vale_heavy|Light Plate Armor
; itm_vale_heavy_pl|Light Plate Armor
; itm_vale_heavy_neck|Light Plate Armor
; itm_vale_heavy_neck_pl|Light Plate Armor
itm_sellsword_jerkin|Pourpoint en Cuir
itm_sellsword_jerkin_pl|Pourpoint en Cuir
itm_sellsword_jerkin_neck|Pourpoint en Cuir
itm_sellsword_jerkin_neck_pl|Pourpoint en Cuir
itm_north_bolton_standard|Haubert Cotte de mailles
itm_north_bolton_standard_pl|Haubert Cotte de mailles
itm_north_bolton_heavy|Haubert Cotte de mailles Plaqué
itm_north_bolton_heavy_pl|Haubert Cotte de mailles Plaqué
itm_north_bolton_standard_cloaked|Haubert Cotte de mailles
itm_north_bolton_standard_cloaked_pl|Haubert Cotte de mailles
itm_north_bolton_lord|Boltons Plated Chain Mail Hauberk
itm_north_bolton_lord_pl|Boltons Plated Chain Mail Hauberk
itm_north_bolton_lord_cloaked|Haubert Cotte de mailles Plaqué des Bolton
itm_north_bolton_lord_cloaked_pl|Haubert Cotte de mailles Plaqué des Bolton
itm_north_karstark_01|Haubert Cotte de mailles
itm_north_karstark_01_pl|Haubert Cotte de mailles
itm_north_karstark_01_heavy|Haubert Cotte de mailles Plaqué
itm_north_karstark_01_heavy_pl|Haubert Cotte de mailles Plaqué
itm_north_karstark_01_cloaked|Haubert Cotte de mailles
itm_north_karstark_01_cloaked_pl|Haubert Cotte de mailles
itm_north_karstark_02|Haubert Cotte de mailles
itm_north_karstark_02_pl|Haubert Cotte de mailles
itm_north_light_01|Pourpoint en Cuir
itm_north_light_01_pl|Pourpoint en Cuir
itm_north_light_01_cloaked|Pourpoint en Cuir
itm_north_light_01_cloaked_pl|Pourpoint en Cuir
itm_north_light_02|Haubert Cotte de mailles
itm_north_light_02_pl|Haubert Cotte de mailles
itm_north_stark_captain_heavy|Haubert Cotte de mailles Plaqué
itm_north_stark_captain_heavy_pl|Haubert Cotte de mailles Plaqué
itm_north_stark_captain|Haubert Cotte de mailles
itm_north_stark_captain_pl|Haubert Cotte de mailles
itm_north_stark_captain_cloaked|Haubert Cotte de mailles
itm_north_stark_captain_cloaked_pl|Haubert Cotte de mailles
itm_north_stark_knight|Pourpoint en Cuir Lourd
itm_north_stark_knight_pl|Pourpoint en Cuir Lourd
itm_north_stark_heavy_knight|Pourpoint en Cuir Lourd Plaqué
itm_north_stark_heavy_knight_pl|Pourpoint en Cuir Lourd Plaqué
itm_north_stark_lord|Pourpoint en Cuir Lourd Plaqué
itm_north_stark_lord_pl|Pourpoint en Cuir Lourd Plaqué
itm_north_stark_standard|Pourpoint en Cuir Lourd
itm_north_stark_standard_pl|Pourpoint en Cuir Lourd
itm_north_stark_guardsman|Pourpoint en Cuir Lourd
itm_north_stark_guardsman_pl|Pourpoint en Cuir Lourd
itm_north_umbar|Pourpoint en Cuir Lourd Terres d'ombre
itm_north_umbar_pl|Pourpoint en Cuir Lourd Terres d'ombre
itm_north_umbar_cloaked|Pourpoint en Cuir Lourd Terres d'ombre
itm_north_umbar_cloaked_pl|Pourpoint en Cuir Lourd Terres d'ombre
itm_reach_loras|Armure de Plates Lourde
itm_reach_loras_pl|Armure de Plates Lourde
itm_reach_loras2|Armure de Plates Lourde
itm_reach_loras2_pl|Armure de Plates Lourde
itm_riverlands_blackfish|Haubert Cotte de mailles
itm_riverlands_blackfish_pl|Haubert Cotte de mailles
itm_riverlands_edmure|Haubert Cotte de mailles Edmures
itm_riverlands_edmure_pl|Haubert Cotte de mailles Edmures
itm_riverlands_frey_01|Pourpoint en Cuir
itm_riverlands_frey_01_pl|Pourpoint en Cuir
itm_riverlands_frey_01_neck|Pourpoint en Cuir Lourd
itm_riverlands_frey_01_neck_pl|Pourpoint en Cuir Lourd
itm_riverlands_frey_02|Pourpoint en Cuir
itm_riverlands_frey_02_pl|Pourpoint en Cuir
itm_riverlands_frey_02_neck|Pourpoint en Cuir Lourd
itm_riverlands_frey_02_neck_pl|Pourpoint en Cuir Lourd
itm_riverlands_heavy_no_shoulders|Haubert Cotte de mailles
itm_riverlands_heavy_no_shoulders_pl|Haubert Cotte de mailles
itm_riverlands_heavy|Haubert Cotte de mailles
itm_riverlands_heavy_pl|Haubert Cotte de mailles
itm_riverlands_heavy_neck|Haubert Cotte de mailles Lourd
itm_riverlands_heavy_neck_pl|Haubert Cotte de mailles Lourd
itm_riverlands_standard_01|Pourpoint en Cuir Lourd
itm_riverlands_standard_01_pl|Pourpoint en Cuir Lourd
itm_stormlands_brienne|Armure de Plates Lourde
itm_stormlands_brienne_pl|Armure de Plates Lourde
itm_stormlands_brienne2|Armure de Plates Lourde
itm_stormlands_brienne2_pl|Armure de Plates Lourde
itm_stormlands_renly|Gambeson Renforcé de Renly
itm_stormlands_renly_pl|Gambeson Renforcé de Renly
itm_westerlands_heavy|Armure de Plates Légère
itm_westerlands_heavy_pl|Armure de Plates Légère
itm_westerlands_heavy_lord|Armure de Plates Lourde de Tywins
itm_westerlands_heavy_lord_pl|Armure de Plates Lourde de Tywins
itm_westerlands_heavy_standard|Armure de Plates Légère
itm_westerlands_heavy_standard_pl|Armure de Plates Légère
itm_westerlands_hound|Armure de Plates Légère
itm_westerlands_hound_pl|Armure de Plates Légère
; itm_westerlands_king|Heavy Plate Armor
; itm_westerlands_king_pl|Heavy Plate Armor
itm_westerlands_lord_1|Armure de Plates Légère
itm_westerlands_lord_1_pl|Armure de Plates Légère
itm_westerlands_lord_2|Armure de Plates Légère
itm_westerlands_lord_2_pl|Armure de Plates Légère
itm_westerlands_light_01|Pourpoint en Cuir
itm_westerlands_light_01_pl|Pourpoint en Cuir
itm_westerlands_light_02|Pourpoint en Cuir
itm_westerlands_light_02_pl|Pourpoint en Cuir
itm_westerlands_polliver_01|Pourpoint en Cuir Lourd Plaqué
itm_westerlands_polliver_01_pl|Pourpoint en Cuir Lourd Plaqué
itm_westerlands_polliver_02|Pourpoint en Cuir Lourd
itm_westerlands_polliver_02_pl|Pourpoint en Cuir Lourd
itm_dragonstone_stannis|Haubert Cotte de mailles
itm_dragonstone_stannis_pl|Haubert Cotte de mailles
itm_westerland_helm|Casque des Lannister
itm_westerland_helm_pl|Casque des Lannister
itm_goldcloak_helm|Casque des Manteaux d'Or
itm_goldcloak_helm_pl|Casque des Manteaux d'Or
itm_kingsguard_helm|Casque des Garde du Roi
itm_kingsguard_helm_pl|Casque des Garde du Roi
itm_armor_baratheon|Armure de Plate Lourde
itm_armor_baratheon_pl|Armure de Plate Lourde
itm_bnw_armour_slashed|Armure de Plate Légere
itm_bnw_armour_slashed_pl|Armure de Plate Légere
itm_bnw_armour_slashed_full|Armure de Plate Légere
itm_bnw_armour_slashed_full_pl|Armure de Plate Légere
itm_bnw_armour_stripes|Armure de Plate Légere
itm_bnw_armour_stripes_pl|Armure de Plate Légere
itm_bnw_armour_stripes_full|Armure de Plate Légere
itm_bnw_armour_stripes_full_pl|Armure de Plate Légere
itm_pollivers_armor|Armure de Polliver 
itm_pollivers_armor_pl|Armure de Polliver
itm_chiswycks_armor|Armure de Chiswyck
itm_chiswycks_armor_pl|Armure de Chiswyck
itm_dunsens_armor|Armure de Dunsen
itm_dunsens_armor_pl|Armure de Dunsen
itm_raffords_armor|Armure de Rafford
itm_raffords_armor_pl|Armure de Rafford
itm_ticklers_armor|Armure de Tickler
itm_ticklers_armor_pl|Armure de Tickler
itm_coldbringer|Coldbringer
itm_coldbringer_pl|Coldbringer
itm_fi_lowlander_sword|Grande Epée
itm_fi_lowlander_sword_pl|Grande Epée
itm_ssh_huscarl_armour|Armure de Plate Lourde de Victarion
itm_ssh_huscarl_armour_pl|Armure de Plate Lourde de Victarion
itm_kraken_mask|Casque Kraken
itm_kraken_mask_pl|Casque Kraken
itm_xenoargh_round_shield01|Bouclier Rond en Bois
itm_xenoargh_round_shield01_pl|Bouclier Rond en Bois
itm_west_man_at_arms_armor|Armure de Plate Lourde
itm_west_man_at_arms_armor_pl|Armure de Plate Lourde
itm_goplon1|Bouclier Rond en Bronze
itm_goplon1_pl|Bouclier Rond en Bronze
itm_mackie_strange_sword|Grande Epée Courbée
itm_mackie_strange_sword_pl|Grande Epée Courbée
itm_arakh|Arakh
itm_arakh_pl|Arakh
itm_short_arakh|Arakh
itm_short_arakh_pl|Arakh
itm_tyrions_armor|Armure de Tyrion
itm_tyrions_armor_pl|Armure de Tyrion
itm_joffreys_armor|Armure de Joffrey
itm_joffreys_armor_pl|Armure de Joffrey
itm_witcher_heater_7|Bouclier de Chauffage
itm_witcher_heater_7_pl|Bouclier de Chauffage
itm_nw_heater_shield|Bouclier de Chauffage
itm_nw_heater_shield_pl|Bouclier de Chauffage
itm_witcher_worn_shield|Bouclier Rond en Bois
itm_witcher_worn_shield_pl|Bouclier Rond en Bois
; itm_xenoargh_shield_kite01_06|Kite Shield
; itm_xenoargh_shield_kite01_06_pl|Kite Shield
; itm_xenoargh_tableau_shield_heater_1|Heater Shield
; itm_xenoargh_tableau_shield_heater_1_pl|Heater Shield
; itm_golden_company_shield|Kite Shield
; itm_golden_company_shield_pl|Kite Shield
itm_xenoargh_shield_pavise_1|Pavois
itm_xenoargh_shield_pavise_1_pl|Pavois
itm_xenoargh_shield_pavise_2|Pavois
itm_xenoargh_shield_pavise_2_pl|Pavois
itm_xenoargh_round_shield02|Bouclier Rond en Bois
itm_xenoargh_round_shield02_pl|Bouclier Rond en Bois
itm_xenoargh_round_shield03_06|Bouclier Rond en Cuir
itm_xenoargh_round_shield03_06_pl|Bouclier Rond en Cuir
itm_stark_shield|Bouclier Rond en Acier
itm_stark_shield_pl|Bouclier Rond en Acier
; itm_alen_cargylls_hauberk|Alen Cargylls Surcoat
; itm_alen_cargylls_hauberk_pl|Alen Cargylls Surcoat
itm_wide_toga_1|Toge
itm_wide_toga_1_pl|Toge
itm_reznak_robe_1|Robe Ghiscari
itm_reznak_robe_1_pl|Robe Ghiscari
itm_grazdan_robe_1|Robe Ghiscari
itm_grazdan_robe_1_pl|Robe Ghiscari
itm_hizdahr_robe_1|Robe Ghiscari
itm_hizdahr_robe_1_pl|Robe Ghiscari
itm_galazza_robe_1|Robe Ghiscari
itm_galazza_robe_1_pl|Robe Ghiscari
itm_yunkai_robe_1|Robe Ghiscari
itm_yunkai_robe_1_pl|Robe Ghiscari
itm_yunkai_robe_2|Robe Ghiscari
itm_yunkai_robe_2_pl|Robe Ghiscari
; itm_kuauik_vale_style_1|Ghiscari Tunic
; itm_kuauik_vale_style_1_pl|Ghiscari Tunic
; itm_kuauik_mace_style_1|Ghiscari Tunic
; itm_kuauik_mace_style_1_pl|Ghiscari Tunic
; itm_kuauik_mace_style_2|Ghiscari Tunic
; itm_kuauik_mace_style_2_pl|Ghiscari Tunic
; itm_kuauik_mace_style_3|Ghiscari Tunic
; itm_kuauik_mace_style_3_pl|Ghiscari Tunic
itm_kingsguard_armor_quest|Armure Lourde de Garde du Roi
itm_kingsguard_armor_quest_pl|Armure Lourde de Garde du Roi
itm_kingsguard_helm_quest|Casque de Garde du Roi
itm_kingsguard_helm_quest_pl|Casque de Garde du Roi
itm_nord_dress_common_b|Habit de Paysans
itm_nord_dress_common_b_pl|Habit de Paysans
itm_rhodok_dress_common_b|Habit de Paysans
itm_rhodok_dress_common_b_pl|Habit de Paysans
itm_sarranid_dress_common_a|Habit de Paysans
itm_sarranid_dress_common_a_pl|Habit de Paysans
itm_sarranid_dress_common_b|Habit de Paysans
itm_sarranid_dress_common_b_pl|Habit de Paysans
itm_aemonds_helmet|Casque Hounskull d'Aemond Targaryen
itm_aemonds_helmet_pl|Casque Hounskull d'Aemond Targaryen
itm_aemonds_boots|Bottes de Plate d'Aemond Targaryen
itm_aemonds_boots_pl|Bottes de Plate d'Aemond Targaryen
itm_aemonds_armor|Armure de Plate Lourde d'Aemond Targaryen
itm_aemonds_armor_pl|Armure de Plate Lourde d'Aemond Targaryen
itm_fi_estoc|Grande Epée de Braavos
itm_fi_estoc_pl|Grande Epée de Braavos
itm_hoggox|Hache à Une-Main
itm_hoggox_pl|Hache à Une-Main
itm_slim_axe|Hache à Une-Main
itm_slim_axe_pl|Hache à Une-Main
itm_heavy_cutting_axe|Hache à Une-Main
itm_heavy_cutting_axe_pl|Hache à Une-Main
itm_axe_e|Hache à Une-Main
itm_axe_e_pl|Hache à Une-Main
itm_axe_f|Hache à Une-Main
itm_axe_f_pl|Hache à Une-Main
itm_winters_frying_pan|Poêle
itm_winters_frying_pan_pl|Poêle
itm_bearded_axe|Hache à Une-Main
itm_bearded_axe_pl|Hache à Une-Main
itm_long_danox|Hache à Deux-Main
itm_long_danox_pl|Hache à Deux-Main
itm_fi_broad_axe|Hache à Deux-Main
itm_fi_broad_axe_pl|Hache à Deux-Main
itm_fi_claymore|Grande Epée de Chevalier
itm_fi_claymore_pl|Grande Epée de Chevalier
itm_sar_helmet1|Casque
itm_sar_helmet1_pl|Casque
itm_sar_helmet2|Casque
itm_sar_helmet2_pl|Casque
itm_tuareg_helmet|Casque
itm_tuareg_helmet_pl|Casque
itm_tuareg|Couvre-chef
itm_tuareg_pl|Couvre-chef
itm_tuareg_open|Couvre-chef
itm_tuareg_open_pl|Couvre-chef
itm_dunland_antleraxe|Hache à une Main
itm_dunland_antleraxe_pl|Hache à une Main
itm_dunland_spear|Lance en Os
itm_dunland_spear_pl|Lance en Os
itm_dunland_pike|Pieu Aiguisé
itm_dunland_pike_pl|Pieu Aiguisé
itm_wildling_heavy_armor_1|Armure de fourrure Lourde
itm_wildling_heavy_armor_1_pl|Armure de fourrure Lourde
itm_wildling_heavy_armor_2|Armure de fourrure Lourde
itm_wildling_heavy_armor_2_pl|Armure de fourrure Lourde
itm_wildling_heavy_armor_3|Armure de fourrure Lourde
itm_wildling_heavy_armor_3_pl|Armure de fourrure Lourde
itm_wildling_leather_vest_1|Gilet en Cuir
itm_wildling_leather_vest_1_pl|Gilet en Cuir
itm_wildling_leather_vest_2|Gilet en Cuir
itm_wildling_leather_vest_2_pl|Gilet en Cuir
itm_wildling_noble_cloth|Tunique de Chefs Sauvageons
itm_wildling_noble_cloth_pl|Tunique de Chefs Sauvageons
itm_bw_wildling_cloth_tunic_1|Tunique
itm_bw_wildling_cloth_tunic_1_pl|Tunique
itm_bw_wildling_cloth_tunic_2|Tunique
itm_bw_wildling_cloth_tunic_2_pl|Tunique
itm_bw_wildling_cloth_tunic_3|Tunique
itm_bw_wildling_cloth_tunic_3_pl|Tunique
itm_bw_wildling_leather_tunic_1|Tunique en Cuir
itm_bw_wildling_leather_tunic_1_pl|Tunique en Cuir
itm_bw_wildling_leather_tunic_2|Tunique en Cuir
itm_bw_wildling_leather_tunic_2_pl|Tunique en Cuir
itm_bw_wildling_leather_tunic_3|Tunique en Cuir
itm_bw_wildling_leather_tunic_3_pl|Tunique en Cuir
itm_bw_wildling_leather_tunic_4|Tunique en Cuir
itm_bw_wildling_leather_tunic_4_pl|Tunique en Cuir
itm_bw_wildling_leather_tunic_5|Tunique en Cuir
itm_bw_wildling_leather_tunic_5_pl|Tunique en Cuir
itm_bw_wildling_leather_tunic_6|Tunique en Cuir
itm_bw_wildling_leather_tunic_6_pl|Tunique en Cuir
itm_kuyak_a|Armure de fourrure
itm_kuyak_a_pl|Armure de fourrure
itm_kuyak_b|Armure de fourrure
itm_kuyak_b_pl|Armure de fourrure
itm_coat_of_plates4|Armure de fourrure Lourde
itm_coat_of_plates4_pl|Armure de fourrure Lourde
itm_coat_of_plates5|Armure de fourrure Lourde
itm_coat_of_plates5_pl|Armure de fourrure Lourde
itm_coat_of_plates6m|Armure de fourrure Lourde
itm_coat_of_plates6m_pl|Armure de fourrure Lourde
itm_raider_hauberk|Haubert Cotte de mailles
itm_raider_hauberk_pl|Haubert Cotte de mailles
itm_raider_hauberk2|Haubert Cotte de mailles
itm_raider_hauberk2_pl|Haubert Cotte de mailles
itm_raider_hauberk3|Haubert Cotte de mailles
itm_raider_hauberk3_pl|Haubert Cotte de mailles
itm_briton_helm|Casque Nasal de Chefs Sauvageons
itm_briton_helm_pl|Casque Nasal de Chefs Sauvageons
itm_dux_ridge_helm|Casque Nasal de Tormund
itm_dux_ridge_helm_pl|Casque Nasal de Tormund
itm_valsgarde1|Casque Nasal
itm_valsgarde1_pl|Casque Nasal
itm_valsgarde2|Casque Nasal
itm_valsgarde2_pl|Casque Nasal
itm_valsgarde3|Casque Nasal
itm_valsgarde3_pl|Casque Nasal
itm_valsgarde4|Casque Nasal
itm_valsgarde4_pl|Casque Nasal
itm_wildling_square_shield_1|Bouclier Carrée de Sauvageons
itm_wildling_square_shield_1_pl|Bouclier Carrée de Sauvageons
itm_wildling_square_shield_2|Bouclier Carrée de Sauvageons
itm_wildling_square_shield_2_pl|WBouclier Carrée de Sauvageons
itm_wildling_square_shield_3|Bouclier Carrée de Sauvageons
itm_wildling_square_shield_3_pl|Bouclier Carrée de Sauvageons
itm_wildling_square_shield_4|Bouclier Carrée de Sauvageons
itm_wildling_square_shield_4_pl|Bouclier Carrée de Sauvageons
itm_wildling_square_shield_5|Bouclier Carrée de Sauvageons
itm_wildling_square_shield_5_pl|Bouclier Carrée de Sauvageons
itm_wildling_square_shield_9|Bouclier Carrée de Sauvageons
itm_wildling_square_shield_9_pl|Bouclier Carrée de Sauvageons
itm_wildling_square_shield_12|Bouclier Carrée de Sauvageons
itm_wildling_square_shield_12_pl|Bouclier Carrée de Sauvageons
itm_xenoargh_round_shield05_plain|Bouclier Rond en Bois
itm_xenoargh_round_shield05_plain_pl|Bouclier Rond en Bois
itm_bw_wildling_cloth_tunic_1_noble|Tunique
itm_bw_wildling_cloth_tunic_1_noble_pl|Tunique
itm_bw_wildling_cloth_tunic_2_noble|Tunique
itm_bw_wildling_cloth_tunic_2_noble_pl|Tunique
itm_bw_wildling_cloth_tunic_3_noble|Tunique
itm_bw_wildling_cloth_tunic_3_noble_pl|Tunique
itm_bw_wildling_leather_tunic_1_noble|Tunique en Cuir
itm_bw_wildling_leather_tunic_1_noble_pl|Tunique en Cuir
itm_bw_wildling_leather_tunic_2_noble|Tunique en Cuir
itm_bw_wildling_leather_tunic_2_noble_pl|Tunique en Cuir
itm_bw_wildling_leather_tunic_3_noble|Tunique en Cuir
itm_bw_wildling_leather_tunic_3_noble_pl|Tunique en Cuir
itm_bw_wildling_leather_tunic_4_noble|Tunique en Cuir
itm_bw_wildling_leather_tunic_4_noble_pl|Tunique en Cuir
itm_bw_wildling_leather_tunic_5_noble|Tunique en Cuir
itm_bw_wildling_leather_tunic_5_noble_pl|Tunique en Cuir
itm_bw_wildling_leather_tunic_6_noble|Tunique en Cuir
itm_bw_wildling_leather_tunic_6_noble_pl|Tunique en Cuir
; itm_we_swa_arrow_gromite|Steel Arrows
; itm_we_swa_arrow_gromite_pl|Steel Arrows
itm_ar_nor_shi_skjortira|Pantalon Dothraki
itm_ar_nor_shi_skjortira_pl|Pantalon Dothraki
itm_ar_nor_tun_blue|Pantalon Dothraki
itm_ar_nor_tun_blue_pl|Pantalon Dothraki
itm_dothraki_lamellar|Armure Lamellaire Dothraki
itm_dothraki_lamellar_pl|Armure Lamellaire Dothraki
itm_brego_nord_helmet|Casque Nasal
itm_brego_nord_helmet_pl|Casque Nasal
itm_dothraki_hair_1|Tresse Dothraki
itm_dothraki_hair_1_pl|Tresse Dothraki
itm_dothraki_hair_2|Tresse Dothraki
itm_dothraki_hair_2_pl|Tresse Dothraki
itm_dothraki_hair_3|Tresse Dothraki
itm_dothraki_hair_3_pl|Tresse Dothraki
itm_dothraki_hair_4|Tresse Dothraki
itm_dothraki_hair_4_pl|Tresse Dothraki
itm_dothraki_hair_5|Tresse Dothraki
itm_dothraki_hair_5_pl|Tresse Dothraki
itm_dothraki_hair_6|Tresse Dothraki
itm_dothraki_hair_6_pl|Tresse Dothraki
itm_otk_shlem|Casque du Chassieux
itm_otk_shlem_pl|Casque du Chassieux
itm_otk_axe|Hache à Une-Main
itm_otk_axe_pl|Hache à Une-Main
itm_mackie_machete|Couperet Dothraki
itm_mackie_machete_pl|Couperet Dothraki
itm_mackie_meat_cleaver_1|Fendoir
itm_mackie_meat_cleaver_1_pl|Fendoir
itm_mackie_meat_cleaver_2|Fendoir
itm_mackie_meat_cleaver_2_pl|Fendoir
itm_mackie_meat_cleaver_3|Fendoir
itm_mackie_meat_cleaver_3_pl|Fendoir
itm_new_nightswatch_1|Pourpoint en Cuir
itm_new_nightswatch_1_pl|Pourpoint en Cuir
itm_new_nightswatch_1_cloak|Pourpoint en Cuir
itm_new_nightswatch_1_cloak_pl|Pourpoint en Cuir
itm_new_nightswatch_2|Pourpoint en Cuir
itm_new_nightswatch_2_pl|Pourpoint en Cuir
itm_new_nightswatch_2_cloak|Pourpoint en Cuir
itm_new_nightswatch_2_cloak_pl|Pourpoint en Cuir
itm_new_nightswatch_3|Haubert Cotte de Mailles
itm_new_nightswatch_3_pl|Haubert Cotte de Mailles
itm_new_nightswatch_3_cloak|Haubert Cotte de Mailles
itm_new_nightswatch_3_cloak_pl|Haubert Cotte de Mailles
itm_new_nightswatch_4|Armure Lamellaire
itm_new_nightswatch_4_pl|Armure Lamellaire
itm_new_nightswatch_4_cloak|Armure Lamellaire
itm_new_nightswatch_4_cloak_pl|Armure Lamellaire
; itm_new_nightswatch_5|Light Plate Armor
; itm_new_nightswatch_5_pl|Light Plate Armor
; itm_new_nightswatch_5_cloak|Light Plate Armor
; itm_new_nightswatch_5_cloak_pl|Light Plate Armor
itm_new_nightswatch_mance_rayder|Haubert Cotte de Mailles
itm_new_nightswatch_mance_rayder_pl|Haubert Cotte de Mailles
itm_aemons_robe|Robe d'Aemon 
itm_aemons_robe_pl|Robe d'Aemon
itm_dedal_kufel|Kufel
itm_dedal_kufel_pl|Kufel
itm_dedal_lutnia|Luth
itm_dedal_lutnia_pl|Luth
itm_dedal_lira|Lyre
itm_dedal_lira_pl|Lyre
itm_awl_pike_a|Pique
itm_awl_pike_a_pl|Pique
itm_awl_pike_b|Pique
itm_awl_pike_b_pl|Pique
itm_dornish_cataphract_helmet|Casque complet
itm_dornish_cataphract_helmet_pl|Casque complet
itm_dornish_chain_fur_1| Casque nasal
itm_dornish_chain_fur_1_pl| Casque nasal
itm_dornish_chain_fur_2| Casque nasal
itm_dornish_chain_fur_2_pl| Casque nasal
itm_dornish_chain_fur_3| Casque nasal
itm_dornish_chain_fur_3_pl| Casque nasal
itm_dornish_turban|Casque
itm_dornish_turban_pl|Casque
itm_dornish_open_turban|Casque
itm_dornish_open_turban_pl|Casque
itm_dornish_turban_helmet_mail|Casque conique
itm_dornish_turban_helmet_mail_pl|Casque conique
itm_dornish_leather_helmet|Chapeau en cuir
itm_dornish_leather_helmet_pl|Chapeau en cuir
itm_dornish_chain_mail_1|Casque conique
itm_dornish_chain_mail_1_pl|Casque conique
itm_dornish_chain_mail_2| Casque nasal
itm_dornish_chain_mail_2_pl| Casque nasa
itm_dornish_chain_mail_3| Casque nasa
itm_dornish_chain_mail_3_pl| Casque nasa
itm_dornish_turban_helmet_2|Casque conique
itm_dornish_turban_helmet_2_pl|Casque conique
itm_dornish_turban_helmet_1|Casque conique
itm_dornish_turban_helmet_1_pl|Casque conique
itm_dornish_lamellar|Veste
itm_dornish_lamellar_pl|Veste
itm_dornish_scale|Haubert
itm_dornish_scale_pl|Haubert
itm_dornish_cavrobe_1|Haubert Cotte de mailles 
itm_dornish_cavrobe_1_pl|Haubert Cotte de mailles 
itm_dornish_chain_mail_shirt_3|Haubert Cotte de mailles 
itm_dornish_chain_mail_shirt_3_pl|Haubert Cotte de mailles 
itm_dornish_heavy_lamellar|Armure Lamellaire lourde
itm_dornish_heavy_lamellar_pl|Armure Lamellaire lourde
itm_dornish_leather_robe|Pourpoint en cuir
itm_dornish_leather_robe_pl|Pourpoint en cuir
itm_dornish_skirmisher| Tunique rembourrée
itm_dornish_skirmisher_pl| Tunique rembourrée
itm_broken_bottle|bouteille cassée
itm_broken_bottle_pl|bouteille cassée
itm_kuauik_padded_leather|Bustier en cuir
itm_kuauik_padded_leather_pl|Bustier en cuir
itm_kuauik_peasant_1|Tunique paysanne
itm_kuauik_peasant_1_pl|Tunique paysanne
itm_kuauik_peasant_2|Tunique paysanne
itm_kuauik_peasant_2_pl|Tunique paysanne
itm_kuauik_studded_leather_1|Pourpoint en cuir clouté
itm_kuauik_studded_leather_1_pl|Pourpoint en cuir clouté
itm_kuauik_studded_leather_2|Pourpoint en cuir clouté
itm_kuauik_studded_leather_2_pl|Pourpoint en cuir clouté
itm_kuauik_welsh_archer_1|Pourpoint en cuir clouté
itm_kuauik_welsh_archer_1_pl|Pourpoint en cuir clouté
itm_kuauik_welsh_archer_2|Pourpoint en cuir clouté
itm_kuauik_welsh_archer_2_pl|Pourpoint en cuir clouté
itm_kuauik_leather_tunic|Pourpoint en cuir
itm_kuauik_leather_tunic_pl|Pourpoint en cuir
itm_kuauik_dornish_leather_tunic_1|Pourpoint en cuir
itm_kuauik_dornish_leather_tunic_1_pl|Pourpoint en cuir
itm_kuauik_dornish_leather_tunic_2|Pourpoint en cuir
itm_kuauik_dornish_leather_tunic_2_pl|Pourpoint en cuir
itm_kuauik_dornish_studded_leather|Pourpoint en cuir clouté
itm_kuauik_dornish_studded_leather_pl|Pourpoint en cuir clouté
; itm_kuauik_dornish_chain_mail|Chain Mail Hauberk
; itm_kuauik_dornish_chain_mail_pl|Chain Mail Hauberk
itm_kuauik_gambeson|Gambeson
itm_kuauik_gambeson_pl|Gambeson
itm_kuauik_bulgar_armor|Armure lamellée
itm_kuauik_bulgar_armor_pl|Pourpoint en cuir clouté
itm_kuauik_bulgar_leather_armor|Pourpoint en cuir
itm_kuauik_bulgar_leather_armor_pl|Pourpoint en cuir
itm_kuauik_byz_footman_1|Cotte de mailles Haubert
itm_kuauik_byz_footman_1_pl|Cotte de mailles Haubert
itm_kuauik_byz_guard|Armure lamellée
itm_kuauik_byz_guard_pl|Armure lamellée
itm_kuauik_byz_leather|Pourpoint en cuir
itm_kuauik_byz_leather_pl|Pourpoint en cuir
itm_kuauik_padded_cloth|Cotte de mailles Haubert
itm_kuauik_padded_cloth_pl|Cotte de mailles Haubert
itm_kuauik_varangian_a|Armure lamellée
itm_kuauik_varangian_a_pl|Armure lamellée
itm_kuauik_norvos_guard|Pourpoint en cuir
itm_kuauik_norvos_guard_pl|Pourpoint en cuir
itm_kuauik_pentos_guard|Armure lamellée
itm_kuauik_pentos_guard_pl|Armure lamellée
itm_kuauik_volantis_guard|Armure lamellée
itm_kuauik_volantis_guard_pl|Armure lamellée
itm_kuauik_myr_guard|Armure lamellée
itm_kuauik_myr_guard_pl|Armure lamellée
itm_kuauik_surcoat_1|Manteau avec maille
itm_kuauik_surcoat_1_pl|Manteau avec maille
itm_kuauik_surcoat_2|Manteau avec maille
itm_kuauik_surcoat_2_pl|Manteau avec maille
itm_kuauik_surcoat_3|Manteau avec maille
itm_kuauik_surcoat_3_pl|Manteau avec maille
itm_kuauik_surcoat_4|Manteau avec maille
itm_kuauik_surcoat_4_pl|Manteau avec maille
itm_kuauik_surcoat_5|Manteau avec maille
itm_kuauik_surcoat_5_pl|Manteau avec maille
itm_kuauik_surcoat_6|Manteau avec maille
itm_kuauik_surcoat_6_pl|Manteau avec maille
; itm_kuauik_surcoat_7|Jasper Rivers Surcoat over Mail
; itm_kuauik_surcoat_7_pl|Jasper Rivers Surcoat over Mail
itm_kuauik_surcoat_8|Manteau avec maille
itm_kuauik_surcoat_8_pl|Manteau avec maille
itm_kuauik_surcoat_9|Manteau avec maille
itm_kuauik_surcoat_9_pl|Manteau avec maille
itm_kuauik_surcoat_10|Manteau avec maille
itm_kuauik_surcoat_10_pl|Manteau avec maille
itm_kuauik_surcoat_11|Manteau avec maille
itm_kuauik_surcoat_11_pl|Manteau avec maille
; itm_surcoat_targaryen|Surcoat over Mail
; itm_surcoat_targaryen_pl|Surcoat over Mail
; itm_surcoat_golden_company|Surcoat over Mail
; itm_surcoat_golden_company_pl|Surcoat over Mail
itm_tournament_yellow_surcoat|Manteau avec maille
itm_tournament_yellow_surcoat_pl|Manteau avec maille
itm_tournament_white_surcoat|Manteau avec maille
itm_tournament_white_surcoat_pl|Manteau avec maille
itm_tournament_red_surcoat|Manteau avec maille
itm_tournament_red_surcoat_pl|Manteau avec maille
itm_tournament_surcoat_blue|Manteau avec maille
itm_tournament_surcoat_blue_pl|Manteau avec maille
; itm_surcoat_new_lannister|Surcoat over Mail
; itm_surcoat_new_lannister_pl|Surcoat over Mail
; itm_surcoat_new_morrigen|Surcoat over Mail
; itm_surcoat_new_morrigen_pl|Surcoat over Mail
; itm_surcoat_new_florent|Surcoat over Mail
; itm_surcoat_new_florent_pl|Surcoat over Mail
; itm_surcoat_new_tarth|Surcoat over Mail
; itm_surcoat_new_tarth_pl|Surcoat over Mail
; itm_surcoat_longbow_hall|Surcoat over Mail
; itm_surcoat_longbow_hall_pl|Surcoat over Mail
; itm_surcoat_white_harbor|Surcoat over Mail
; itm_surcoat_white_harbor_pl|Surcoat over Mail
; itm_surcoat_driftmark|Surcoat over Mail
; itm_surcoat_driftmark_pl|Surcoat over Mail
; itm_surcoat_massey|Surcoat over Mail
; itm_surcoat_massey_pl|Surcoat over Mail
; itm_surcoat_qorgyle|Surcoat over Mail
; itm_surcoat_qorgyle_pl|Surcoat over Mail
; itm_surcoat_oldtown|Surcoat over Mail
; itm_surcoat_oldtown_pl|Surcoat over Mail
; itm_surcoat_hellholt|Surcoat over Mail
; itm_surcoat_hellholt_pl|Surcoat over Mail
; itm_trial_surcoat|Tolletts Surcoat over Mail
; itm_trial_surcoat_pl|Tolletts Surcoat over Mail
; itm_trial_shield|Tolletts Kite Shield
; itm_trial_shield_pl|Tolletts Kite Shield
; itm_trial_boots|Splinted Mail Greaves
; itm_trial_boots_pl|Splinted Mail Greaves
; itm_trial_gloves|Mail Gauntlets
; itm_trial_gloves_pl|Mail Gauntlets
; itm_trial_helm|Helmet with Faceplate
; itm_trial_helm_pl|Helmet with Faceplate
; itm_trial_sword|Arming Sword
; itm_trial_sword_pl|Arming Sword
itm_brawl_senlac|Epée
itm_brawl_senlac_pl|Epée
itm_we_nor_axe_throw_light|Hache légères
itm_we_nor_axe_throw_light_pl|Haches légères
itm_we_nor_axe_throw_light_melee|Hache
itm_we_nor_axe_throw_light_melee_pl|Hache
; itm_robert_baratheons_helmet|Robert Baratheons Great Helmet
; itm_robert_baratheons_helmet_pl|Robert Baratheons Great Helmet
; itm_fi_tourney_helmet_1|Decorated Tournament Helmet
; itm_fi_tourney_helmet_1_pl|Decorated Tournament Helmet
; itm_fi_greathelmet_1|Decorated Tournament Helmet
; itm_fi_greathelmet_1_pl|Decorated Tournament Helmet
; itm_fi_armet_2|Decorated Tournament Helmet
; itm_fi_armet_2_pl|Decorated Tournament Helmet
; itm_crown_sallet|Sallet with Crown
; itm_crown_sallet_pl|Sallet with Crown
; itm_crown_coif|Mail Coif with Crown
; itm_crown_coif_pl|Mail Coif with Crown
; itm_nord_coat_of_plates|Heavy Leather Armor
; itm_nord_coat_of_plates_pl|Heavy Leather Armor
; itm_nord_coat_of_plates_pelt|Heavy Leather Armor
; itm_nord_coat_of_plates_pelt_pl|Heavy Leather Armor
; itm_fi_lance|Tourney Lance
; itm_fi_lance_pl|Tourney Lance
; itm_bb_rus_pike|War Lance
; itm_bb_rus_pike_pl|War Lance
; itm_sipahi_jawshan|Heavy Plate Armor
; itm_sipahi_jawshan_pl|Heavy Plate Armor
; itm_peltastos_armor|Gambeson
; itm_peltastos_armor_pl|Gambeson
; itm_mongolian_helmet|Top Helmet
; itm_mongolian_helmet_pl|Top Helmet
; itm_jack_boots_unsullied|Unsullied Shoes
; itm_jack_boots_unsullied_pl|Unsullied Shoes
; itm_jack_armour_unsullied|Unsullied Tunic
; itm_jack_armour_unsullied_pl|Unsullied Tunic
; itm_jack_helmet_unsullied|Unsullied Helmet
; itm_jack_helmet_unsullied_pl|Unsullied Helmet
; itm_jack_helmet_burgonet|Burgonet
; itm_jack_helmet_burgonet_pl|Burgonet
; itm_jack_helmet_burgonet_iron|Burgonet
; itm_jack_helmet_burgonet_iron_pl|Burgonet
; itm_unsullied_shield|Unsullied Shield
; itm_unsullied_shield_pl|Unsullied Shield
; itm_pretender_vezenkor|Expensive Lamellar Armor
; itm_pretender_vezenkor_pl|Expensive Lamellar Armor
; itm_pretender_yara|Chain Mail Hauberk
; itm_pretender_yara_pl|Chain Mail Hauberk
; itm_pretender_laros|Surcoat over Mail
; itm_pretender_laros_pl|Surcoat over Mail
; itm_pretender_assadora|Lamellar Armor
; itm_pretender_assadora_pl|Lamellar Armor
; itm_pretender_sarella|Surcoat over Mail
; itm_pretender_sarella_pl|Surcoat over Mail
; itm_pretender_shiera|Expensive Lamellar Armor
; itm_pretender_shiera_pl|Expensive Lamellar Armor
; itm_rathos_lamellar_armor_2|Expensive Lamellar Armor
; itm_rathos_lamellar_armor_2_pl|Expensive Lamellar Armor
; itm_low_tier_sword_1|Arming Sword
; itm_low_tier_sword_1_pl|Arming Sword
; itm_medium_tier_sword_1|Arming Sword
; itm_medium_tier_sword_1_pl|Arming Sword
; itm_medium_tier_sword_2|Arming Sword
; itm_medium_tier_sword_2_pl|Arming Sword
; itm_medium_tier_sword_3|Arming Sword
; itm_medium_tier_sword_3_pl|Arming Sword
; itm_high_tier_sword_1|Castle-Forged Arming Sword
; itm_high_tier_sword_1_pl|Castle-Forged Arming Sword
; itm_high_tier_sword_2|Castle-Forged Arming Sword
; itm_high_tier_sword_2_pl|Castle-Forged Arming Sword
; itm_low_tier_saber_1|Curved Sword
; itm_low_tier_saber_1_pl|Curved Sword
; itm_medium_tier_saber_1|Curved Sword
; itm_medium_tier_saber_1_pl|Curved Sword
; itm_high_tier_saber_1|Castle-Forged Curved Sword
; itm_high_tier_saber_1_pl|Castle-Forged Curved Sword
; itm_high_tier_saber_2|Castle-Forged Curved Sword
; itm_high_tier_saber_2_pl|Castle-Forged Curved Sword
itm_we_rho_sword_rondeldagger|Epée courte
itm_we_rho_sword_rondeldagger_pl|Epée courte
itm_sword_rusty_a|Epée Rouillée
itm_sword_rusty_a_pl|Epée Rouillée
itm_loki_sword|Ancienne Epée
itm_loki_sword_pl|Ancienne Epée
itm_orphanmaker|Orphan-Maker
itm_orphanmaker_pl|Orphan-Maker
itm_sword_repent|Noire Sœur
itm_sword_repent_pl|Noire Sœur
; itm_dragonstone_mailed|Chain Mail Hauberk
; itm_dragonstone_mailed_pl|Chain Mail Hauberk
; itm_dragonstone_plate2|Light Plate Armor
; itm_dragonstone_plate2_pl|Light Plate Armor
; itm_dragonstone_lord|Light Plate Armor
; itm_dragonstone_lord_pl|Light Plate Armor
; itm_dragonstone_padded1|Padded Robe
; itm_dragonstone_padded1_pl|Padded Robe
; itm_dragonstone_padded2|Padded Robe
; itm_dragonstone_padded2_pl|Padded Robe
; itm_dragonstone_court_davos|Padded Robe
; itm_dragonstone_court_davos_pl|Padded Robe
; itm_dragonstone_court_matthos|Padded Robe
; itm_dragonstone_court_matthos_pl|Padded Robe
; itm_dragonstone_gendry|Padded Robe
; itm_dragonstone_gendry_pl|Padded Robe
; itm_dragonstone_court_gendry|Padded Robe
; itm_dragonstone_court_gendry_pl|Padded Robe
; itm_dragonstone_archer_helm|Coif
; itm_dragonstone_archer_helm_pl|Coif
; itm_dragonstone_davos_battle|Padded Robe
; itm_dragonstone_davos_battle_pl|Padded Robe
; itm_dragonstone_matthos_battle|Padded Robe
; itm_dragonstone_matthos_battle_pl|Padded Robe
; itm_dragonstone_archer_helm_burgonet|Burgonet
; itm_dragonstone_archer_helm_burgonet_pl|Burgonet
; itm_mackie_falchion01|Falchion
; itm_mackie_falchion01_pl|Falchion
; itm_mackie_falchion03|Falchion
; itm_mackie_falchion03_pl|Falchion
; itm_mackie_cutlass|Falchion
; itm_mackie_cutlass_pl|Falchion
; itm_stormlands_hammer_event|War Hammer
; itm_stormlands_hammer_event_pl|War Hammer
itm_stormlands_hammer|Marteau
itm_stormlands_hammer_pl|Marteau
; itm_stormlands_two_handed_hammer|Two-Handed War Hammer
; itm_stormlands_two_handed_hammer_pl|Two-Handed War Hammer
; itm_sellsword_club|Studded Club
; itm_sellsword_club_pl|Studded Club
; itm_sellsword_iron_club|Iron Club
; itm_sellsword_iron_club_pl|Iron Club
; itm_necturus_item_buckler_1|Buckler
; itm_necturus_item_buckler_1_pl|Buckler
; itm_necturus_item_buckler_2|Buckler
; itm_necturus_item_buckler_2_pl|Buckler
; itm_necturus_item_buckler_3|Buckler
; itm_necturus_item_buckler_3_pl|Buckler
itm_ar_sar_t7_fullplate_a|Tunique noble clanique
itm_ar_sar_t7_fullplate_a_pl|Tunique noble clanique
itm_ar_rho_shi_capegreen|Tunique noble clanique
itm_ar_rho_shi_capegreen_pl|Tunique noble clanique
itm_he_vae_t1_noble_a|chapeau de noble fourré 
itm_he_vae_t1_noble_a_pl|chapeau de noble fourré 
itm_he_pla_pri_priestcoif|Casque noble
itm_he_pla_pri_priestcoif_pl|Casque noble
; itm_vale_lord_1|Braavosi Noblemans Tunic
; itm_vale_lord_1_pl|Braavosi Noblemans Tunic
; itm_vale_lord_2|Braavosi Noblemans Tunic
; itm_vale_lord_2_pl|Braavosi Noblemans Tunic
itm_fat_wyman_style|tunique noble
itm_fat_wyman_style_pl|tunique noble
; itm_heraldic_padded_cloth|Noblemans Heraldic Gambeson
; itm_heraldic_padded_cloth_pl|Noblemans Heraldic Gambeson
; itm_noblemans_leather_tunic_1|Noblemans Leather Tunic
; itm_noblemans_leather_tunic_1_pl|Noblemans Leather Tunic
; itm_noblemans_leather_tunic_2|Noblemans Leather Tunic
; itm_noblemans_leather_tunic_2_pl|Noblemans Leather Tunic
; itm_noblemans_leather_tunic_3|Noblemans Leather Tunic
; itm_noblemans_leather_tunic_3_pl|Noblemans Leather Tunic
; itm_noblemans_leather_tunic_4|Noblemans Leather Tunic
; itm_noblemans_leather_tunic_4_pl|Noblemans Leather Tunic
; itm_noblemans_leather_tunic_5|Noblemans Leather Tunic
; itm_noblemans_leather_tunic_5_pl|Noblemans Leather Tunic
; itm_noblemans_gambeson_1|Noblemans Gambeson
; itm_noblemans_gambeson_1_pl|Noblemans Gambeson
; itm_noblemans_gambeson_2|Noblemans Gambeson
; itm_noblemans_gambeson_2_pl|Noblemans Gambeson
; itm_noblemans_gambeson_3|Noblemans Gambeson
; itm_noblemans_gambeson_3_pl|Noblemans Gambeson
; itm_noblemans_tunic_4|Noblemans Tunic
; itm_noblemans_tunic_4_pl|Noblemans Tunic
; itm_noblemans_tunic_5|Noblemans Tunic
; itm_noblemans_tunic_5_pl|Noblemans Tunic
; itm_noblemans_tunic_6|Noblemans Tunic
; itm_noblemans_tunic_6_pl|Noblemans Tunic
; itm_noblemans_tunic_7|Davos' Tunic
; itm_noblemans_tunic_7_pl|Davos' Tunic
; itm_noblemans_tunic_8|Noblemans Tunic
; itm_noblemans_tunic_8_pl|Noblemans Tunic
; itm_noblemans_aketon|Noblemans Aketon
; itm_noblemans_aketon_pl|Noblemans Aketon
; itm_noblemans_kaftan|Noblemans Kaftan
; itm_noblemans_kaftan_pl|Noblemans Kaftan
; itm_kuauik_norvoshi_style_1|Noblemans Kaftan
; itm_kuauik_norvoshi_style_1_pl|Noblemans Kaftan
; itm_pentoshi_style_1|Noblemans Kaftan
; itm_pentoshi_style_1_pl|Noblemans Kaftan
; itm_kuauik_volantis_style_1|Noblemans Robe
; itm_kuauik_volantis_style_1_pl|Noblemans Robe
; itm_kuauik_volantis_style_2|Noblemans Robe
; itm_kuauik_volantis_style_2_pl|Noblemans Robe
; itm_kuauik_volantis_style_3|Noblemans Robe
; itm_kuauik_volantis_style_3_pl|Noblemans Robe
; itm_kuauik_volantis_style_4|Noblemans Robe
; itm_kuauik_volantis_style_4_pl|Noblemans Robe
; itm_kuauik_volantis_style_5|Noblemans Robe
; itm_kuauik_volantis_style_5_pl|Noblemans Robe
; itm_andal_nobleman_coat_1|Andal Noblemans Robe
; itm_andal_nobleman_coat_1_pl|Andal Noblemans Robe
; itm_nobleman_f_outfit_rugged_1|Noblemans Rugged Robe
; itm_nobleman_f_outfit_rugged_1_pl|Noblemans Rugged Robe
; itm_nobleman_f_outfit_rugged_2|Noblemans Rugged Robe
; itm_nobleman_f_outfit_rugged_2_pl|Noblemans Rugged Robe
; itm_nobleman_f_outfit_rugged_3|Noblemans Rugged Robe
; itm_nobleman_f_outfit_rugged_3_pl|Noblemans Rugged Robe
; itm_nobleman_f_outfit_robeish_1|Noblemans Robe
; itm_nobleman_f_outfit_robeish_1_pl|Noblemans Robe
; itm_nobleman_f_outfit_robeish_2|Noblemans Robe
; itm_nobleman_f_outfit_robeish_2_pl|Noblemans Robe
; itm_nobleman_f_outfit_vale_1|Noblemans Doublet
; itm_nobleman_f_outfit_vale_1_pl|Noblemans Doublet
; itm_nobleman_f_outfit_vale_2|Noblemans Doublet
; itm_nobleman_f_outfit_vale_2_pl|Noblemans Doublet
; itm_nobleman_f_outfit_reach_1|Noblemans Doublet
; itm_nobleman_f_outfit_reach_1_pl|Noblemans Doublet
; itm_nobleman_f_outfit_reach_2|Noblemans Doublet
; itm_nobleman_f_outfit_reach_2_pl|Noblemans Doublet
; itm_nobleman_f_outfit_reach_3|Noblemans Doublet
; itm_nobleman_f_outfit_reach_3_pl|Noblemans Doublet
; itm_nobleman_f_sealord|Noblemans Doublet
; itm_nobleman_f_sealord_pl|Noblemans Doublet
; itm_nobleman_f_outfit_1|Noblemans Doublet
; itm_nobleman_f_outfit_1_pl|Noblemans Doublet
; itm_nobleman_f_outfit_2|Noblemans Doublet
; itm_nobleman_f_outfit_2_pl|Noblemans Doublet
; itm_nobleman_f_outfit_3|Noblemans Doublet
; itm_nobleman_f_outfit_3_pl|Noblemans Doublet
; itm_nobleman_f_outfit_4|Noblemans Doublet
; itm_nobleman_f_outfit_4_pl|Noblemans Doublet
; itm_nobleman_f_outfit_5|Noblemans Doublet
; itm_nobleman_f_outfit_5_pl|Noblemans Doublet
; itm_nobleman_f_outfit_6|Noblemans Doublet
; itm_nobleman_f_outfit_6_pl|Noblemans Doublet
; itm_nobleman_f_outfit_7|Noblemans Doublet
; itm_nobleman_f_outfit_7_pl|Noblemans Doublet
; itm_nobleman_f_outfit_8|Noblemans Doublet
; itm_nobleman_f_outfit_8_pl|Noblemans Doublet
; itm_nobleman_f_outfit_9|Noblemans Doublet
; itm_nobleman_f_outfit_9_pl|Noblemans Doublet
; itm_nobleman_f_outfit_10|Noblemans Doublet
; itm_nobleman_f_outfit_10_pl|Noblemans Doublet
; itm_nobleman_f_outfit_11|Noblemans Doublet
; itm_nobleman_f_outfit_11_pl|Noblemans Doublet
; itm_nobleman_f_outfit_12|Noblemans Doublet
; itm_nobleman_f_outfit_12_pl|Noblemans Doublet
; itm_nobleman_f_outfit_13|Noblemans Doublet
; itm_nobleman_f_outfit_13_pl|Noblemans Doublet
; itm_nobleman_f_outfit_14|Noblemans Doublet
; itm_nobleman_f_outfit_14_pl|Noblemans Doublet
; itm_helmet_f_black_1|Noblemans Hat
; itm_helmet_f_black_1_pl|Noblemans Hat
; itm_helmet_f_black_2|Noblemans Hat
; itm_helmet_f_black_2_pl|Noblemans Hat
; itm_helmet_f_black_3|Noblemans Hat
; itm_helmet_f_black_3_pl|Noblemans Hat
; itm_helmet_f_black_4|Noblemans Hat
; itm_helmet_f_black_4_pl|Noblemans Hat
; itm_helmet_f_black_5|Noblemans Hat
; itm_helmet_f_black_5_pl|Noblemans Hat
; itm_helmet_f_black_6|Noblemans Hat
; itm_helmet_f_black_6_pl|Noblemans Hat
; itm_helmet_f_red_1|Noblemans Hat
; itm_helmet_f_red_1_pl|Noblemans Hat
; itm_helmet_f_leather_1|Noblemans Hat
; itm_helmet_f_leather_1_pl|Noblemans Hat
; itm_helmet_f_leather_2|Noblemans Hat
; itm_helmet_f_leather_2_pl|Noblemans Hat
; itm_helmet_f_leather_3|Noblemans Hat
; itm_helmet_f_leather_3_pl|Noblemans Hat
; itm_helmet_f_leather_4|Noblemans Hat
; itm_helmet_f_leather_4_pl|Noblemans Hat
; itm_helmet_f_leather_5|Noblemans Hat
; itm_helmet_f_leather_5_pl|Noblemans Hat
; itm_helmet_f_leather_6|Noblemans Hat
; itm_helmet_f_leather_6_pl|Noblemans Hat
; itm_nobleman_f_shoes_1|Leather Shoes
; itm_nobleman_f_shoes_1_pl|Leather Shoes
; itm_nobleman_f_shoes_2|Leather Shoes
; itm_nobleman_f_shoes_2_pl|Leather Shoes
; itm_nobleman_f_shoes_3|Leather Shoes
; itm_nobleman_f_shoes_3_pl|Leather Shoes
; itm_nobleman_f_shoes_4|Leather Shoes
; itm_nobleman_f_shoes_4_pl|Leather Shoes
; itm_nobleman_f_shoes_5|Leather Shoes
; itm_nobleman_f_shoes_5_pl|Leather Shoes
; itm_nobleman_f_shoes_6|Leather Shoes
; itm_nobleman_f_shoes_6_pl|Leather Shoes
itm_lysa_style_2|Robe Nordiste
itm_lysa_style_2_pl|Robe Nordiste
itm_lysa_style_3|Robe Nordiste
itm_lysa_style_3_pl|Robe Nordiste
itm_lysa_style_4|Robe Nordiste
itm_lysa_style_4_pl|Robe Nordiste
itm_lysa_style_5| robe Lysas
itm_lysa_style_5_pl| robe Lysas
itm_barkeeper_1|robe paysanne 
itm_barkeeper_1_pl|robe paysanne 
itm_sansa_style_1|robe Southrons
itm_sansa_style_1_pl|robe Southrons
itm_sansa_style_2|robe Southrons
itm_sansa_style_2_pl|robe Southrons
itm_sansa_style_3|robe Southrons
itm_sansa_style_3_pl|robe Southrons
itm_sansa_style_4|robe Southrons
itm_sansa_style_4_pl|robe Southrons
itm_sansa_style_5|robe Southrons
itm_sansa_style_5_pl|robe Southrons
itm_sansa_style_6|robe Southrons
itm_sansa_style_6_pl|robe Southrons
itm_sansa_style_7|robe Sansas
itm_sansa_style_7_pl|robe Sansas
itm_dornish_1|robe Dornish
itm_dornish_1_pl|robe Dornish
itm_dornish_2|robe Dornish
itm_dornish_2_pl|robe Dornish
itm_dornish_3|robe Dornish
itm_dornish_3_pl|robe Dornish
itm_dornish_4|robe Dornish
itm_dornish_4_pl|robe Dornish
itm_dornish_5|robe Dornish
itm_dornish_5_pl|robe Dornish
itm_cersei_style_1|robe Southron
itm_cersei_style_1_pl|robe Southron
itm_cersei_style_2|robe Southron
itm_cersei_style_2_pl|robe Southron
itm_cersei_style_3|robe Southron
itm_cersei_style_3_pl|robe Southron
itm_cersei_style_4|robe Southron
itm_cersei_style_4_pl|robe Southron
itm_margaery_style_1|robe Southron
itm_margaery_style_1_pl|robe Southron
itm_margaery_style_2|robe Southron
itm_margaery_style_2_pl|robe Southron
itm_margaery_style_3|robe Southron
itm_margaery_style_3_pl|robe Southron
itm_margaery_style_4|robe Margaerys
itm_margaery_style_4_pl|robe Margaerys
itm_margaery_style_5|robe Southron
itm_margaery_style_5_pl|robe Southron
itm_margaery_style_6|robe Southron
itm_margaery_style_6_pl|robe Southron
itm_ga_swa_a2_leather|Bouclier Rond en Osier
itm_ga_swa_a2_leather_pl|Bouclier Rond en Osier
itm_we_vae_bow_hunting|Arc de Peyredragon
itm_we_vae_bow_hunting_pl|Arcs de Peyredragon
itm_we_khe_bow_red|Arc dothraki
itm_we_khe_bow_red_pl|Arcs dothraki
itm_arena_shield_red|Bouclier
itm_arena_shield_red_pl|Boucliers
itm_arena_lance|Lance
itm_arena_lance_pl|Lances
; itm_ar_swa_ban_scale_a|BUGGED ITEM
; itm_ar_swa_ban_scale_a_pl|BUGGED ITEM
; itm_grenade_fragments|Wildfire Pot Fragments
; itm_grenade_fragments_pl|Wildfire Pot Fragments
itm_player_grenade|Pot de Feu Grégeois
itm_player_grenade_pl|Pot de Feu Grégeois
itm_gold_cloak_grenade|Pot de Feu Grégeois
itm_gold_cloak_grenade_pl|Pot de Feu Grégeois
itm_items_end|items end
itm_items_end_pl|itams en
